                 5.40531E-01 0.0010
                 3.19940E-01 0.0015
                 1.61661E-01 0.0022
                 4.68752E-02 0.0043
                 1.20547E-02 0.0084
                 5.41590E-01 0.0010
                 3.10827E-01 0.0015
                 1.66669E-01 0.0022
                 5.06792E-02 0.0041
                 1.34151E-02 0.0080
                 5.42082E-01 0.0010
                 3.05958E-01 0.0015
                 1.68789E-01 0.0022
                 5.29342E-02 0.0040
                 1.44002E-02 0.0078
                 5.42848E-01 0.0010
                 3.01221E-01 0.0015
                 1.70829E-01 0.0021
                 5.55296E-02 0.0039
                 1.52680E-02 0.0076
                 5.42310E-01 0.0010
                 2.96951E-01 0.0015
                 1.72239E-01 0.0021
                 5.68735E-02 0.0039
                 1.62458E-02 0.0074
                 5.43380E-01 0.0010
                 2.94212E-01 0.0016
                 1.73708E-01 0.0021
                 5.86069E-02 0.0038
                 1.68530E-02 0.0073
                 5.43758E-01 0.0010
                 2.91161E-01 0.0016
                 1.74819E-01 0.0021
                 6.02889E-02 0.0038
                 1.74892E-02 0.0071
                 5.44181E-01 0.0010
                 2.89074E-01 0.0016
                 1.75386E-01 0.0021
                 6.17076E-02 0.0038
                 1.80143E-02 0.0070
                 5.44063E-01 0.0010
                 2.85014E-01 0.0016
                 1.77122E-01 0.0021
                 6.31124E-02 0.0037
                 1.88151E-02 0.0069
                 5.43385E-01 0.0010
                 2.82983E-01 0.0016
                 1.76914E-01 0.0021
                 6.42084E-02 0.0037
                 1.92788E-02 0.0068
                 5.44466E-01 0.0010
                 2.80897E-01 0.0016
                 1.77765E-01 0.0021
                 6.56243E-02 0.0036
                 2.01795E-02 0.0067
                 5.44399E-01 0.0010
                 2.78566E-01 0.0016
                 1.78703E-01 0.0021
                 6.63726E-02 0.0036
                 2.07572E-02 0.0066
                 5.43772E-01 0.0010
                 2.76533E-01 0.0016
                 1.78850E-01 0.0021
                 6.73898E-02 0.0036
                 2.09996E-02 0.0065
                 5.44446E-01 0.0010
                 2.74749E-01 0.0016
                 1.79215E-01 0.0021
                 6.88669E-02 0.0035
                 2.16145E-02 0.0064
                 5.44401E-01 0.0010
                 2.72826E-01 0.0016
                 1.79780E-01 0.0021
                 6.95746E-02 0.0035
                 2.22192E-02 0.0063
                 5.44005E-01 0.0010
                 2.70985E-01 0.0016
                 1.80127E-01 0.0021
                 7.00811E-02 0.0035
                 2.28125E-02 0.0062
                 5.43829E-01 0.0010
                 2.69603E-01 0.0017
                 1.80283E-01 0.0021
                 7.06109E-02 0.0035
                 2.33318E-02 0.0062
                 5.43324E-01 0.0010
                 2.67572E-01 0.0017
                 1.80245E-01 0.0021
                 7.17088E-02 0.0035
                 2.37989E-02 0.0061
                 5.43772E-01 0.0010
                 2.66062E-01 0.0017
                 1.80643E-01 0.0021
                 7.29056E-02 0.0034
                 2.41610E-02 0.0061
                 5.43286E-01 0.0010
                 2.63883E-01 0.0017
                 1.80753E-01 0.0021
                 7.38119E-02 0.0034
                 2.48380E-02 0.0060
                 5.43331E-01 0.0010
                 2.62369E-01 0.0017
                 1.80781E-01 0.0021
                 7.46261E-02 0.0034
                 2.55559E-02 0.0059
                 5.42808E-01 0.0010
                 2.60715E-01 0.0017
                 1.80240E-01 0.0021
                 7.56401E-02 0.0034
                 2.62132E-02 0.0059
                 5.43057E-01 0.0010
                 2.59215E-01 0.0017
                 1.80930E-01 0.0021
                 7.62899E-02 0.0034
                 2.66222E-02 0.0058
                 5.43173E-01 0.0010
                 2.57673E-01 0.0017
                 1.81157E-01 0.0021
                 7.70008E-02 0.0033
                 2.73415E-02 0.0057
                 5.43223E-01 0.0010
                 2.56773E-01 0.0017
                 1.80809E-01 0.0021
                 7.78632E-02 0.0033
                 2.77776E-02 0.0057
                 5.42245E-01 0.0010
                 2.54938E-01 0.0017
                 1.81210E-01 0.0021
                 7.77223E-02 0.0033
                 2.83750E-02 0.0056
                 5.42539E-01 0.0010
                 2.53743E-01 0.0017
                 1.81385E-01 0.0021
                 7.88653E-02 0.0033
                 2.85457E-02 0.0056
                 5.41896E-01 0.0010
                 2.51750E-01 0.0017
                 1.81425E-01 0.0021
                 7.95373E-02 0.0033
                 2.91836E-02 0.0056
                 5.41888E-01 0.0010
                 2.50824E-01 0.0017
                 1.81409E-01 0.0021
                 8.00403E-02 0.0033
                 2.96144E-02 0.0055
                 5.41367E-01 0.0010
                 2.49439E-01 0.0017
                 1.81053E-01 0.0021
                 8.07267E-02 0.0033
                 3.01483E-02 0.0055
                 5.41409E-01 0.0010
                 2.48354E-01 0.0017
                 1.81493E-01 0.0021
                 8.10507E-02 0.0033
                 3.05123E-02 0.0054
                 5.41204E-01 0.0010
                 2.47136E-01 0.0017
                 1.81380E-01 0.0021
                 8.18259E-02 0.0033
                 3.08612E-02 0.0054
                 5.82463E-01 0.0011
                 2.57075E-01 0.0018
                 1.95698E-01 0.0021
                 9.27536E-02 0.0032
                 3.69366E-02 0.0051
                 5.44892E-01 0.0011
                 2.45643E-01 0.0018
                 1.82524E-01 0.0021
                 8.40384E-02 0.0032
                 3.26865E-02 0.0053
                 5.40950E-01 0.0011
                 2.44049E-01 0.0018
                 1.80948E-01 0.0021
                 8.35659E-02 0.0032
                 3.23862E-02 0.0053
                 5.40217E-01 0.0011
                 2.42802E-01 0.0018
                 1.80714E-01 0.0021
                 8.38257E-02 0.0032
                 3.28753E-02 0.0052
                 5.39735E-01 0.0010
                 2.41135E-01 0.0018
                 1.80994E-01 0.0021
                 8.44155E-02 0.0032
                 3.31904E-02 0.0052
                 5.39591E-01 0.0010
                 2.40254E-01 0.0018
                 1.80945E-01 0.0021
                 8.44891E-02 0.0032
                 3.39036E-02 0.0051
                 5.39493E-01 0.0011
                 2.39321E-01 0.0018
                 1.80931E-01 0.0021
                 8.50982E-02 0.0032
                 3.41424E-02 0.0051
                 5.39209E-01 0.0011
                 2.38677E-01 0.0018
                 1.80297E-01 0.0021
                 8.55695E-02 0.0032
                 3.46652E-02 0.0051
                 5.38753E-01 0.0011
                 2.37382E-01 0.0018
                 1.80329E-01 0.0021
                 8.58885E-02 0.0032
                 3.51536E-02 0.0051
                 5.38405E-01 0.0011
                 2.36191E-01 0.0018
                 1.80283E-01 0.0021
                 8.62779E-02 0.0032
                 3.56540E-02 0.0050
                 5.38154E-01 0.0011
                 2.35075E-01 0.0018
                 1.80176E-01 0.0021
                 8.67598E-02 0.0031
                 3.61441E-02 0.0050
                 5.78616E-01 0.0011
                 2.44184E-01 0.0019
                 1.94088E-01 0.0021
                 9.79434E-02 0.0031
                 4.24004E-02 0.0048
                 5.38320E-01 0.0011
                 2.33383E-01 0.0018
                 1.80548E-01 0.0021
                 8.78017E-02 0.0031
                 3.65875E-02 0.0050
                 5.36970E-01 0.0011
                 2.31658E-01 0.0018
                 1.80260E-01 0.0021
                 8.80753E-02 0.0031
                 3.69764E-02 0.0049
                 5.37392E-01 0.0011
                 2.31145E-01 0.0018
                 1.80326E-01 0.0021
                 8.85705E-02 0.0031
                 3.73500E-02 0.0049
                 5.36895E-01 0.0011
                 2.30236E-01 0.0018
                 1.79904E-01 0.0021
                 8.89214E-02 0.0031
                 3.78339E-02 0.0049
                 5.36663E-01 0.0011
                 2.29426E-01 0.0018
                 1.79761E-01 0.0021
                 8.89710E-02 0.0031
                 3.85048E-02 0.0048
                 5.36246E-01 0.0011
                 2.28467E-01 0.0018
                 1.79596E-01 0.0021
                 8.94905E-02 0.0031
                 3.86933E-02 0.0048
                 5.35873E-01 0.0011
                 2.27367E-01 0.0019
                 1.79317E-01 0.0021
                 8.99227E-02 0.0031
                 3.92669E-02 0.0048
                 5.35420E-01 0.0011
                 2.26522E-01 0.0019
                 1.78823E-01 0.0021
                 9.04613E-02 0.0031
                 3.96143E-02 0.0048
                 5.35737E-01 0.0011
                 2.25490E-01 0.0019
                 1.78824E-01 0.0021
                 9.13325E-02 0.0031
                 4.00904E-02 0.0047
                 5.35678E-01 0.0011
                 2.24565E-01 0.0019
                 1.78809E-01 0.0021
                 9.19045E-02 0.0031
                 4.03997E-02 0.0047
                 5.35361E-01 0.0011
                 2.23767E-01 0.0019
                 1.78968E-01 0.0021
                 9.20778E-02 0.0031
                 4.05481E-02 0.0047
                 5.34624E-01 0.0011
                 2.23070E-01 0.0019
                 1.78138E-01 0.0021
                 9.25182E-02 0.0031
                 4.08972E-02 0.0047
                 5.34255E-01 0.0011
                 2.21908E-01 0.0019
                 1.78594E-01 0.0021
                 9.24332E-02 0.0031
                 4.13190E-02 0.0047
                 5.33162E-01 0.0011
                 2.20638E-01 0.0019
                 1.78707E-01 0.0021
                 9.23760E-02 0.0031
                 4.14415E-02 0.0047
                 5.31883E-01 0.0011
                 2.19665E-01 0.0019
                 1.77844E-01 0.0021
                 9.24418E-02 0.0030
                 4.19322E-02 0.0046
                 5.31882E-01 0.0011
                 2.18841E-01 0.0019
                 1.77652E-01 0.0021
                 9.30819E-02 0.0030
                 4.23069E-02 0.0046
                 5.31595E-01 0.0011
                 2.18337E-01 0.0019
                 1.77508E-01 0.0021
                 9.32625E-02 0.0030
                 4.24873E-02 0.0046
                 5.31292E-01 0.0011
                 2.17755E-01 0.0019
                 1.77167E-01 0.0021
                 9.35531E-02 0.0030
                 4.28162E-02 0.0046
                 5.29601E-01 0.0011
                 2.16777E-01 0.0019
                 1.76398E-01 0.0021
                 9.32488E-02 0.0030
                 4.31777E-02 0.0046
                 5.30472E-01 0.0011
                 2.16003E-01 0.0019
                 1.77054E-01 0.0021
                 9.37354E-02 0.0030
                 4.36799E-02 0.0045
                 5.30459E-01 0.0011
                 2.15441E-01 0.0019
                 1.76827E-01 0.0021
                 9.38344E-02 0.0030
                 4.43569E-02 0.0045
                 5.29845E-01 0.0011
                 2.14687E-01 0.0019
                 1.76628E-01 0.0021
                 9.41008E-02 0.0030
                 4.44290E-02 0.0045
                 5.29341E-01 0.0011
                 2.13585E-01 0.0019
                 1.76715E-01 0.0021
                 9.43351E-02 0.0030
                 4.47062E-02 0.0045
                 5.29581E-01 0.0011
                 2.13332E-01 0.0019
                 1.76535E-01 0.0021
                 9.45875E-02 0.0030
                 4.51266E-02 0.0045
                 5.29517E-01 0.0011
                 2.12635E-01 0.0019
                 1.76533E-01 0.0021
                 9.50200E-02 0.0030
                 4.53291E-02 0.0045
                 5.28576E-01 0.0011
                 2.12034E-01 0.0019
                 1.75804E-01 0.0021
                 9.52317E-02 0.0030
                 4.55061E-02 0.0044
                 5.28015E-01 0.0011
                 2.11136E-01 0.0019
                 1.75191E-01 0.0021
                 9.57418E-02 0.0030
                 4.59460E-02 0.0044
                 5.28170E-01 0.0011
                 2.10601E-01 0.0019
                 1.75195E-01 0.0021
                 9.59381E-02 0.0030
                 4.64366E-02 0.0044
                 5.28082E-01 0.0011
                 2.09859E-01 0.0019
                 1.75139E-01 0.0021
                 9.62848E-02 0.0030
                 4.68002E-02 0.0044
                 5.27739E-01 0.0011
                 2.09127E-01 0.0020
                 1.75110E-01 0.0021
                 9.66526E-02 0.0030
                 4.68496E-02 0.0044
                 5.27276E-01 0.0011
                 2.08635E-01 0.0020
                 1.74854E-01 0.0021
                 9.67478E-02 0.0030
                 4.70397E-02 0.0044
                 5.25819E-01 0.0011
                 2.07433E-01 0.0020
                 1.74327E-01 0.0021
                 9.67831E-02 0.0030
                 4.72757E-02 0.0043
                 5.25654E-01 0.0011
                 2.06676E-01 0.0020
                 1.74456E-01 0.0021
                 9.70265E-02 0.0030
                 4.74953E-02 0.0043
                 5.25379E-01 0.0011
                 2.05967E-01 0.0020
                 1.74489E-01 0.0021
                 9.71271E-02 0.0030
                 4.77963E-02 0.0043
                 5.24940E-01 0.0011
                 2.05026E-01 0.0020
                 1.74220E-01 0.0021
                 9.72287E-02 0.0030
                 4.84650E-02 0.0043
                 5.24387E-01 0.0011
                 2.04835E-01 0.0020
                 1.73793E-01 0.0021
                 9.72953E-02 0.0030
                 4.84640E-02 0.0043
                 5.23725E-01 0.0011
                 2.03984E-01 0.0020
                 1.73312E-01 0.0021
                 9.76808E-02 0.0030
                 4.87482E-02 0.0043
                 5.23214E-01 0.0011
                 2.03466E-01 0.0020
                 1.73302E-01 0.0021
                 9.75561E-02 0.0030
                 4.88904E-02 0.0043
                 5.23245E-01 0.0011
                 2.02812E-01 0.0020
                 1.73383E-01 0.0021
                 9.75642E-02 0.0030
                 4.94860E-02 0.0043
                 5.22697E-01 0.0011
                 2.02236E-01 0.0020
                 1.73048E-01 0.0021
                 9.76899E-02 0.0030
                 4.97238E-02 0.0042
                 5.22346E-01 0.0011
                 2.01387E-01 0.0020
                 1.72965E-01 0.0021
                 9.79488E-02 0.0030
                 5.00462E-02 0.0042
                 5.21388E-01 0.0011
                 2.00955E-01 0.0020
                 1.72558E-01 0.0021
                 9.78622E-02 0.0030
                 5.00132E-02 0.0042
                 5.21418E-01 0.0011
                 2.00065E-01 0.0020
                 1.72751E-01 0.0021
                 9.80963E-02 0.0030
                 5.05045E-02 0.0042
                 5.21552E-01 0.0011
                 1.99658E-01 0.0020
                 1.72530E-01 0.0022
                 9.87019E-02 0.0029
                 5.06621E-02 0.0042
                 5.20770E-01 0.0011
                 1.99113E-01 0.0020
                 1.72009E-01 0.0022
                 9.86991E-02 0.0029
                 5.09489E-02 0.0042
                 5.20315E-01 0.0011
                 1.98142E-01 0.0020
                 1.72337E-01 0.0022
                 9.85588E-02 0.0029
                 5.12767E-02 0.0042
                 5.20006E-01 0.0011
                 1.97674E-01 0.0020
                 1.72033E-01 0.0021
                 9.87826E-02 0.0029
                 5.15170E-02 0.0042
                 5.19912E-01 0.0011
                 1.97451E-01 0.0020
                 1.71606E-01 0.0022
                 9.89890E-02 0.0029
                 5.18663E-02 0.0042
                 5.19086E-01 0.0011
                 1.96488E-01 0.0020
                 1.71447E-01 0.0022
                 9.92504E-02 0.0029
                 5.19011E-02 0.0041
                 5.18502E-01 0.0011
                 1.95849E-01 0.0020
                 1.71097E-01 0.0022
                 9.93055E-02 0.0029
                 5.22505E-02 0.0041
                 5.18221E-01 0.0011
                 1.95459E-01 0.0020
                 1.70850E-01 0.0022
                 9.95578E-02 0.0029
                 5.23544E-02 0.0041
                 5.17886E-01 0.0011
                 1.95019E-01 0.0020
                 1.70879E-01 0.0022
                 9.95752E-02 0.0029
                 5.24118E-02 0.0041
                 5.17757E-01 0.0011
                 1.94501E-01 0.0020
                 1.70766E-01 0.0022
                 9.97887E-02 0.0029
                 5.27024E-02 0.0041
                 5.16797E-01 0.0011
                 1.93911E-01 0.0020
                 1.70416E-01 0.0022
                 9.95190E-02 0.0029
                 5.29510E-02 0.0041
                 5.17030E-01 0.0011
                 1.93492E-01 0.0020
                 1.70587E-01 0.0022
                 9.98075E-02 0.0029
                 5.31443E-02 0.0041
                 5.15834E-01 0.0011
                 1.92680E-01 0.0020
                 1.70364E-01 0.0022
                 9.95650E-02 0.0029
                 5.32248E-02 0.0041
                 5.15479E-01 0.0011
                 1.92179E-01 0.0021
                 1.69909E-01 0.0022
                 9.99765E-02 0.0029
                 5.34154E-02 0.0041
                 5.15276E-01 0.0011
                 1.91809E-01 0.0021
                 1.69463E-01 0.0022
                 1.00096E-01 0.0029
                 5.39091E-02 0.0041
                 5.14722E-01 0.0011
                 1.90901E-01 0.0021
                 1.69559E-01 0.0022
                 1.00136E-01 0.0029
                 5.41250E-02 0.0041
                 5.14582E-01 0.0011
                 1.90393E-01 0.0021
                 1.69726E-01 0.0022
                 1.00183E-01 0.0029
                 5.42802E-02 0.0041
                 5.13680E-01 0.0011
                 1.89916E-01 0.0021
                 1.69336E-01 0.0022
                 1.00127E-01 0.0029
                 5.43012E-02 0.0041
                 5.13383E-01 0.0011
                 1.89381E-01 0.0021
                 1.69124E-01 0.0022
                 1.00158E-01 0.0029
                 5.47197E-02 0.0040
                 5.13092E-01 0.0011
                 1.88535E-01 0.0021
                 1.69056E-01 0.0022
                 1.00644E-01 0.0029
                 5.48579E-02 0.0040
                 5.12210E-01 0.0011
                 1.87982E-01 0.0021
                 1.68687E-01 0.0022
                 1.00528E-01 0.0029
                 5.50131E-02 0.0040
                 5.11684E-01 0.0011
                 1.87356E-01 0.0021
                 1.68158E-01 0.0022
                 1.00903E-01 0.0029
                 5.52667E-02 0.0040
                 5.11653E-01 0.0011
                 1.87358E-01 0.0021
                 1.67681E-01 0.0022
                 1.01035E-01 0.0029
                 5.55788E-02 0.0040
                 5.10914E-01 0.0011
                 1.86721E-01 0.0021
                 1.67486E-01 0.0022
                 1.01115E-01 0.0029
                 5.55924E-02 0.0040
                 5.10341E-01 0.0011
                 1.86272E-01 0.0021
                 1.67125E-01 0.0022
                 1.01229E-01 0.0029
                 5.57151E-02 0.0040
                 5.09944E-01 0.0011
                 1.85909E-01 0.0021
                 1.67132E-01 0.0022
                 1.01084E-01 0.0029
                 5.58193E-02 0.0040
                 5.10050E-01 0.0011
                 1.85486E-01 0.0021
                 1.67366E-01 0.0022
                 1.01309E-01 0.0029
                 5.58898E-02 0.0040
                 5.08947E-01 0.0011
                 1.84865E-01 0.0021
                 1.66586E-01 0.0022
                 1.01701E-01 0.0029
                 5.57952E-02 0.0040
                 5.08629E-01 0.0011
                 1.84486E-01 0.0021
                 1.66363E-01 0.0022
                 1.01722E-01 0.0029
                 5.60581E-02 0.0040
                 5.08104E-01 0.0011
                 1.84210E-01 0.0021
                 1.66066E-01 0.0022
                 1.01686E-01 0.0029
                 5.61416E-02 0.0040
                 5.08287E-01 0.0011
                 1.83934E-01 0.0021
                 1.66127E-01 0.0022
                 1.01845E-01 0.0029
                 5.63816E-02 0.0040
                 5.07243E-01 0.0011
                 1.83600E-01 0.0021
                 1.65382E-01 0.0022
                 1.01547E-01 0.0029
                 5.67138E-02 0.0040
                 5.07564E-01 0.0011
                 1.83100E-01 0.0021
                 1.65650E-01 0.0022
                 1.01923E-01 0.0029
                 5.68901E-02 0.0040
                 5.07359E-01 0.0011
                 1.82369E-01 0.0021
                 1.65418E-01 0.0022
                 1.02327E-01 0.0029
                 5.72457E-02 0.0039
                 5.07156E-01 0.0011
                 1.82244E-01 0.0021
                 1.65179E-01 0.0022
                 1.02191E-01 0.0029
                 5.75424E-02 0.0039
                 5.06297E-01 0.0011
                 1.81560E-01 0.0021
                 1.64950E-01 0.0022
                 1.02411E-01 0.0029
                 5.73758E-02 0.0039
                 5.05438E-01 0.0011
                 1.81378E-01 0.0021
                 1.64610E-01 0.0022
                 1.01933E-01 0.0029
                 5.75175E-02 0.0039
                 5.05397E-01 0.0011
                 1.80884E-01 0.0021
                 1.64324E-01 0.0022
                 1.02322E-01 0.0029
                 5.78670E-02 0.0039
                 5.04592E-01 0.0011
                 1.80403E-01 0.0021
                 1.64067E-01 0.0022
                 1.02076E-01 0.0029
                 5.80455E-02 0.0039
                 5.04749E-01 0.0011
                 1.79994E-01 0.0021
                 1.64432E-01 0.0022
                 1.02246E-01 0.0029
                 5.80783E-02 0.0039
                 5.04464E-01 0.0011
                 1.79563E-01 0.0021
                 1.64143E-01 0.0022
                 1.02659E-01 0.0029
                 5.80983E-02 0.0039
                 5.03907E-01 0.0011
                 1.79266E-01 0.0021
                 1.63563E-01 0.0022
                 1.02690E-01 0.0029
                 5.83883E-02 0.0039
                 5.04005E-01 0.0011
                 1.78853E-01 0.0021
                 1.64097E-01 0.0022
                 1.02433E-01 0.0029
                 5.86211E-02 0.0039
                 5.03298E-01 0.0011
                 1.78691E-01 0.0021
                 1.63614E-01 0.0022
                 1.02368E-01 0.0029
                 5.86239E-02 0.0039
                 5.03430E-01 0.0011
                 1.78573E-01 0.0021
                 1.63402E-01 0.0022
                 1.02601E-01 0.0029
                 5.88543E-02 0.0039
                 5.02343E-01 0.0011
                 1.77742E-01 0.0022
                 1.63365E-01 0.0022
                 1.02162E-01 0.0029
                 5.90726E-02 0.0039
                 5.01928E-01 0.0011
                 1.77151E-01 0.0022
                 1.63039E-01 0.0022
                 1.02493E-01 0.0029
                 5.92459E-02 0.0039
                 5.01280E-01 0.0011
                 1.76625E-01 0.0022
                 1.62648E-01 0.0022
                 1.02627E-01 0.0029
                 5.93802E-02 0.0039
                 5.00667E-01 0.0011
                 1.75991E-01 0.0022
                 1.62337E-01 0.0022
                 1.02801E-01 0.0029
                 5.95381E-02 0.0039
                 5.00547E-01 0.0011
                 1.75559E-01 0.0022
                 1.62456E-01 0.0022
                 1.02884E-01 0.0029
                 5.96483E-02 0.0039
                 5.00147E-01 0.0011
                 1.75096E-01 0.0022
                 1.62236E-01 0.0022
                 1.02822E-01 0.0029
                 5.99931E-02 0.0039
                 4.99353E-01 0.0011
                 1.74674E-01 0.0022
                 1.61755E-01 0.0022
                 1.02737E-01 0.0029
                 6.01884E-02 0.0038
                 4.99190E-01 0.0011
                 1.74493E-01 0.0022
                 1.61659E-01 0.0022
                 1.02859E-01 0.0029
                 6.01787E-02 0.0038
                 4.99038E-01 0.0011
                 1.74224E-01 0.0022
                 1.61707E-01 0.0022
                 1.02945E-01 0.0029
                 6.01633E-02 0.0038
                 4.99038E-01 0.0011
                 1.74131E-01 0.0022
                 1.61375E-01 0.0022
                 1.03249E-01 0.0029
                 6.02826E-02 0.0038
                 4.98942E-01 0.0011
                 1.73555E-01 0.0022
                 1.61155E-01 0.0022
                 1.03569E-01 0.0029
                 6.06633E-02 0.0038
                 4.97689E-01 0.0011
                 1.73218E-01 0.0022
                 1.60471E-01 0.0022
                 1.03201E-01 0.0029
                 6.07998E-02 0.0038
                 4.97245E-01 0.0011
                 1.72666E-01 0.0022
                 1.60348E-01 0.0022
                 1.03479E-01 0.0029
                 6.07522E-02 0.0038
                 4.97349E-01 0.0011
                 1.72394E-01 0.0022
                 1.60240E-01 0.0022
                 1.03578E-01 0.0029
                 6.11374E-02 0.0038
                 4.96951E-01 0.0011
                 1.72352E-01 0.0022
                 1.59919E-01 0.0022
                 1.03199E-01 0.0029
                 6.14806E-02 0.0038
                 4.95985E-01 0.0011
                 1.71823E-01 0.0022
                 1.59597E-01 0.0022
                 1.03124E-01 0.0029
                 6.14415E-02 0.0038
                 4.95941E-01 0.0011
                 1.71451E-01 0.0022
                 1.59587E-01 0.0023
                 1.03512E-01 0.0029
                 6.13903E-02 0.0038
                 4.95245E-01 0.0011
                 1.71152E-01 0.0022
                 1.59354E-01 0.0022
                 1.03385E-01 0.0029
                 6.13541E-02 0.0038
                 4.94437E-01 0.0011
                 1.70825E-01 0.0022
                 1.59119E-01 0.0023
                 1.03262E-01 0.0029
                 6.12311E-02 0.0038
                 4.94888E-01 0.0011
                 1.70528E-01 0.0022
                 1.59122E-01 0.0023
                 1.03507E-01 0.0029
                 6.17308E-02 0.0038
                 4.93483E-01 0.0011
                 1.69778E-01 0.0022
                 1.58628E-01 0.0023
                 1.03367E-01 0.0029
                 6.17096E-02 0.0038
                 4.93767E-01 0.0011
                 1.69622E-01 0.0022
                 1.58743E-01 0.0023
                 1.03474E-01 0.0029
                 6.19283E-02 0.0038
                 4.93122E-01 0.0011
                 1.68641E-01 0.0022
                 1.58604E-01 0.0023
                 1.03642E-01 0.0029
                 6.22346E-02 0.0038
                 4.93266E-01 0.0011
                 1.68285E-01 0.0022
                 1.58898E-01 0.0023
                 1.03655E-01 0.0029
                 6.24285E-02 0.0038
                 4.92021E-01 0.0011
                 1.67892E-01 0.0022
                 1.58372E-01 0.0023
                 1.03374E-01 0.0029
                 6.23834E-02 0.0038
                 4.91748E-01 0.0011
                 1.67433E-01 0.0022
                 1.58061E-01 0.0023
                 1.03614E-01 0.0029
                 6.26394E-02 0.0038
                 4.91070E-01 0.0011
                 1.66969E-01 0.0022
                 1.57976E-01 0.0023
                 1.03389E-01 0.0029
                 6.27360E-02 0.0038
                 4.91487E-01 0.0011
                 1.67231E-01 0.0022
                 1.57910E-01 0.0023
                 1.03415E-01 0.0029
                 6.29307E-02 0.0038
                 4.91051E-01 0.0011
                 1.66652E-01 0.0022
                 1.57760E-01 0.0023
                 1.03361E-01 0.0029
                 6.32780E-02 0.0037
                 4.90588E-01 0.0011
                 1.66428E-01 0.0022
                 1.57343E-01 0.0023
                 1.03265E-01 0.0029
                 6.35516E-02 0.0037
                 4.89673E-01 0.0011
                 1.65911E-01 0.0022
                 1.56971E-01 0.0023
                 1.03141E-01 0.0029
                 6.36505E-02 0.0037
                 4.89833E-01 0.0011
                 1.65918E-01 0.0022
                 1.56971E-01 0.0023
                 1.03249E-01 0.0029
                 6.36944E-02 0.0037
                 4.89042E-01 0.0011
                 1.65268E-01 0.0022
                 1.56797E-01 0.0023
                 1.03171E-01 0.0029
                 6.38069E-02 0.0037
                 4.89256E-01 0.0011
                 1.65187E-01 0.0022
                 1.56581E-01 0.0023
                 1.03300E-01 0.0029
                 6.41869E-02 0.0037
                 4.88819E-01 0.0011
                 1.64832E-01 0.0022
                 1.56498E-01 0.0023
                 1.03202E-01 0.0029
                 6.42871E-02 0.0037
                 4.88778E-01 0.0011
                 1.64715E-01 0.0023
                 1.56362E-01 0.0023
                 1.03270E-01 0.0029
                 6.44297E-02 0.0037
                 4.88373E-01 0.0011
                 1.64214E-01 0.0023
                 1.56382E-01 0.0023
                 1.03279E-01 0.0029
                 6.44985E-02 0.0037
                 4.88123E-01 0.0011
                 1.63881E-01 0.0023
                 1.56290E-01 0.0023
                 1.03502E-01 0.0029
                 6.44493E-02 0.0037
                 4.87388E-01 0.0011
                 1.63221E-01 0.0023
                 1.56199E-01 0.0023
                 1.03638E-01 0.0029
                 6.43303E-02 0.0037
                 4.87005E-01 0.0011
                 1.63151E-01 0.0023
                 1.55971E-01 0.0023
                 1.03416E-01 0.0029
                 6.44672E-02 0.0037
                 4.86490E-01 0.0011
                 1.62660E-01 0.0023
                 1.55984E-01 0.0023
                 1.03241E-01 0.0029
                 6.46041E-02 0.0037
                 4.85953E-01 0.0011
                 1.62237E-01 0.0023
                 1.55748E-01 0.0023
                 1.03276E-01 0.0029
                 6.46917E-02 0.0037
                 4.85704E-01 0.0011
                 1.62203E-01 0.0023
                 1.55468E-01 0.0023
                 1.03165E-01 0.0029
                 6.48679E-02 0.0037
                 4.85201E-01 0.0012
                 1.62058E-01 0.0023
                 1.54994E-01 0.0023
                 1.03441E-01 0.0029
                 6.47079E-02 0.0037
                 4.84870E-01 0.0012
                 1.61640E-01 0.0023
                 1.54893E-01 0.0023
                 1.03513E-01 0.0029
                 6.48245E-02 0.0037
                 4.84678E-01 0.0012
                 1.61363E-01 0.0023
                 1.55069E-01 0.0023
                 1.03350E-01 0.0029
                 6.48947E-02 0.0037
                 4.84783E-01 0.0012
                 1.61039E-01 0.0023
                 1.54367E-01 0.0023
                 1.04063E-01 0.0029
                 6.53149E-02 0.0037
                 4.83991E-01 0.0012
                 1.60595E-01 0.0023
                 1.54370E-01 0.0023
                 1.03776E-01 0.0029
                 6.52500E-02 0.0037
                 4.83742E-01 0.0012
                 1.60670E-01 0.0023
                 1.54158E-01 0.0023
                 1.03708E-01 0.0029
                 6.52059E-02 0.0037
                 4.83364E-01 0.0012
                 1.60102E-01 0.0023
                 1.54231E-01 0.0023
                 1.03695E-01 0.0029
                 6.53360E-02 0.0037
                 4.83046E-01 0.0012
                 1.60253E-01 0.0023
                 1.53859E-01 0.0023
                 1.03468E-01 0.0029
                 6.54654E-02 0.0037
                 4.82765E-01 0.0012
                 1.59522E-01 0.0023
                 1.54116E-01 0.0023
                 1.03529E-01 0.0029
                 6.55982E-02 0.0037
                 4.82518E-01 0.0012
                 1.59136E-01 0.0023
                 1.54185E-01 0.0023
                 1.03207E-01 0.0029
                 6.59899E-02 0.0037
                 4.81782E-01 0.0012
                 1.58859E-01 0.0023
                 1.53517E-01 0.0023
                 1.03297E-01 0.0029
                 6.61087E-02 0.0037
                 4.82132E-01 0.0012
                 1.59013E-01 0.0023
                 1.53481E-01 0.0023
                 1.03300E-01 0.0029
                 6.63377E-02 0.0037
                 4.81372E-01 0.0012
                 1.58563E-01 0.0023
                 1.53118E-01 0.0023
                 1.03392E-01 0.0029
                 6.62994E-02 0.0037
                 4.80774E-01 0.0012
                 1.58293E-01 0.0023
                 1.52785E-01 0.0023
                 1.03476E-01 0.0029
                 6.62199E-02 0.0037
                 4.79448E-01 0.0012
                 1.57491E-01 0.0023
                 1.52531E-01 0.0023
                 1.03140E-01 0.0029
                 6.62861E-02 0.0037
                 4.79299E-01 0.0012
                 1.57192E-01 0.0023
                 1.52500E-01 0.0023
                 1.03109E-01 0.0029
                 6.64985E-02 0.0037
                 4.79367E-01 0.0012
                 1.57311E-01 0.0023
                 1.52315E-01 0.0023
                 1.03099E-01 0.0029
                 6.66407E-02 0.0036
                 4.79056E-01 0.0012
                 1.56871E-01 0.0023
                 1.52309E-01 0.0023
                 1.03156E-01 0.0029
                 6.67198E-02 0.0036
                 4.78668E-01 0.0012
                 1.56317E-01 0.0023
                 1.52251E-01 0.0023
                 1.03457E-01 0.0029
                 6.66426E-02 0.0036
                 4.78560E-01 0.0012
                 1.56445E-01 0.0023
                 1.52003E-01 0.0023
                 1.03291E-01 0.0029
                 6.68214E-02 0.0036
                 4.77715E-01 0.0012
                 1.56010E-01 0.0023
                 1.51812E-01 0.0023
                 1.03308E-01 0.0029
                 6.65850E-02 0.0036
                 4.77224E-01 0.0012
                 1.55652E-01 0.0023
                 1.51483E-01 0.0023
                 1.03133E-01 0.0029
                 6.69569E-02 0.0036
                 4.77238E-01 0.0012
                 1.55506E-01 0.0023
                 1.51277E-01 0.0023
                 1.03557E-01 0.0029
                 6.68973E-02 0.0036
                 4.76585E-01 0.0012
                 1.54862E-01 0.0023
                 1.51085E-01 0.0023
                 1.03480E-01 0.0029
                 6.71584E-02 0.0036
                 4.76531E-01 0.0012
                 1.54909E-01 0.0023
                 1.50940E-01 0.0023
                 1.03496E-01 0.0029
                 6.71861E-02 0.0036
                 4.76483E-01 0.0012
                 1.54391E-01 0.0023
                 1.50930E-01 0.0023
                 1.03851E-01 0.0029
                 6.73112E-02 0.0036
                 4.75602E-01 0.0012
                 1.53893E-01 0.0023
                 1.50769E-01 0.0023
                 1.03706E-01 0.0029
                 6.72339E-02 0.0036
                 4.75424E-01 0.0012
                 1.53513E-01 0.0023
                 1.50448E-01 0.0023
                 1.03730E-01 0.0029
                 6.77339E-02 0.0036
                 4.74714E-01 0.0012
                 1.53370E-01 0.0023
                 1.50191E-01 0.0023
                 1.03585E-01 0.0029
                 6.75693E-02 0.0036
                 4.74757E-01 0.0012
                 1.53003E-01 0.0024
                 1.50291E-01 0.0023
                 1.03916E-01 0.0029
                 6.75463E-02 0.0036
                 4.74409E-01 0.0012
                 1.52913E-01 0.0023
                 1.49860E-01 0.0023
                 1.03907E-01 0.0029
                 6.77292E-02 0.0036
                 4.73849E-01 0.0012
                 1.52643E-01 0.0024
                 1.50034E-01 0.0023
                 1.03589E-01 0.0029
                 6.75818E-02 0.0036
                 4.73608E-01 0.0012
                 1.52448E-01 0.0024
                 1.49682E-01 0.0023
                 1.03559E-01 0.0029
                 6.79197E-02 0.0036
                 4.72930E-01 0.0012
                 1.52337E-01 0.0024
                 1.49289E-01 0.0023
                 1.03411E-01 0.0029
                 6.78935E-02 0.0036
                 4.72543E-01 0.0012
                 1.52192E-01 0.0024
                 1.48971E-01 0.0023
                 1.03460E-01 0.0029
                 6.79200E-02 0.0036
                 4.72240E-01 0.0012
                 1.51811E-01 0.0024
                 1.48979E-01 0.0023
                 1.03677E-01 0.0029
                 6.77730E-02 0.0036
                 4.71865E-01 0.0012
                 1.51697E-01 0.0024
                 1.48592E-01 0.0023
                 1.03744E-01 0.0029
                 6.78319E-02 0.0036
                 4.70805E-01 0.0012
                 1.51314E-01 0.0024
                 1.48519E-01 0.0023
                 1.03003E-01 0.0029
                 6.79690E-02 0.0036
                 4.70762E-01 0.0012
                 1.51094E-01 0.0024
                 1.48398E-01 0.0023
                 1.03435E-01 0.0029
                 6.78349E-02 0.0036
                 4.70236E-01 0.0012
                 1.50843E-01 0.0024
                 1.48247E-01 0.0023
                 1.02935E-01 0.0029
                 6.82107E-02 0.0036
                 4.70357E-01 0.0012
                 1.50690E-01 0.0024
                 1.48243E-01 0.0023
                 1.03161E-01 0.0029
                 6.82629E-02 0.0036
                 4.69854E-01 0.0012
                 1.50219E-01 0.0024
                 1.47998E-01 0.0024
                 1.03271E-01 0.0029
                 6.83657E-02 0.0036
                 4.68858E-01 0.0012
                 1.50052E-01 0.0024
                 1.47495E-01 0.0024
                 1.03139E-01 0.0029
                 6.81721E-02 0.0036
                 4.68909E-01 0.0012
                 1.49783E-01 0.0024
                 1.47557E-01 0.0024
                 1.02844E-01 0.0029
                 6.87250E-02 0.0036
                 4.68734E-01 0.0012
                 1.49276E-01 0.0024
                 1.47764E-01 0.0024
                 1.02973E-01 0.0029
                 6.87209E-02 0.0036
                 4.68014E-01 0.0012
                 1.49148E-01 0.0024
                 1.47336E-01 0.0024
                 1.02816E-01 0.0029
                 6.87142E-02 0.0036
                 4.68198E-01 0.0012
                 1.49201E-01 0.0024
                 1.47393E-01 0.0024
                 1.02799E-01 0.0029
                 6.88050E-02 0.0036
                 4.67676E-01 0.0012
                 1.48614E-01 0.0024
                 1.47140E-01 0.0024
                 1.03152E-01 0.0029
                 6.87699E-02 0.0036
                 4.66995E-01 0.0012
                 1.48180E-01 0.0024
                 1.46996E-01 0.0024
                 1.03070E-01 0.0029
                 6.87490E-02 0.0036
                 4.67360E-01 0.0012
                 1.48280E-01 0.0024
                 1.46869E-01 0.0024
                 1.03356E-01 0.0029
                 6.88549E-02 0.0036
                 4.66905E-01 0.0012
                 1.47972E-01 0.0024
                 1.46621E-01 0.0024
                 1.03321E-01 0.0029
                 6.89910E-02 0.0036
                 4.66492E-01 0.0012
                 1.47631E-01 0.0024
                 1.46620E-01 0.0024
                 1.03112E-01 0.0029
                 6.91292E-02 0.0036
                 4.65727E-01 0.0012
                 1.47185E-01 0.0024
                 1.46375E-01 0.0024
                 1.03092E-01 0.0029
                 6.90747E-02 0.0036
                 4.95182E-01 0.0012
                 1.51805E-01 0.0025
                 1.54482E-01 0.0024
                 1.12366E-01 0.0029
                 7.65291E-02 0.0035
                 4.65075E-01 0.0012
                 1.46366E-01 0.0024
                 1.46614E-01 0.0024
                 1.03133E-01 0.0029
                 6.89627E-02 0.0036
                 4.64976E-01 0.0012
                 1.46571E-01 0.0024
                 1.46597E-01 0.0024
                 1.02880E-01 0.0029
                 6.89280E-02 0.0036
                 4.64756E-01 0.0012
                 1.46218E-01 0.0024
                 1.46284E-01 0.0024
                 1.03209E-01 0.0029
                 6.90440E-02 0.0036
                 4.64189E-01 0.0012
                 1.45789E-01 0.0024
                 1.46245E-01 0.0024
                 1.03162E-01 0.0029
                 6.89927E-02 0.0036
                 4.63323E-01 0.0012
                 1.45317E-01 0.0024
                 1.45870E-01 0.0024
                 1.02954E-01 0.0029
                 6.91813E-02 0.0036
                 4.63000E-01 0.0012
                 1.45169E-01 0.0024
                 1.45835E-01 0.0024
                 1.02892E-01 0.0029
                 6.91029E-02 0.0036
                 4.62148E-01 0.0012
                 1.44784E-01 0.0024
                 1.45330E-01 0.0024
                 1.02900E-01 0.0029
                 6.91334E-02 0.0036
                 4.62267E-01 0.0012
                 1.44701E-01 0.0024
                 1.45383E-01 0.0024
                 1.03168E-01 0.0029
                 6.90152E-02 0.0036
                 4.62206E-01 0.0012
                 1.44850E-01 0.0024
                 1.45014E-01 0.0024
                 1.03166E-01 0.0029
                 6.91755E-02 0.0036
                 4.61851E-01 0.0012
                 1.44474E-01 0.0024
                 1.44890E-01 0.0024
                 1.03119E-01 0.0029
                 6.93689E-02 0.0036
                 4.61021E-01 0.0012
                 1.44075E-01 0.0024
                 1.44688E-01 0.0024
                 1.02931E-01 0.0029
                 6.93274E-02 0.0036
                 4.60586E-01 0.0012
                 1.44006E-01 0.0024
                 1.44450E-01 0.0024
                 1.02731E-01 0.0029
                 6.93996E-02 0.0036
                 4.60677E-01 0.0012
                 1.43795E-01 0.0024
                 1.44546E-01 0.0024
                 1.02819E-01 0.0029
                 6.95177E-02 0.0035
                 4.61276E-01 0.0012
                 1.43787E-01 0.0024
                 1.44198E-01 0.0024
                 1.03299E-01 0.0029
                 6.99927E-02 0.0035
                 4.59988E-01 0.0012
                 1.43307E-01 0.0024
                 1.44187E-01 0.0024
                 1.02745E-01 0.0029
                 6.97489E-02 0.0035
                 4.59712E-01 0.0012
                 1.43230E-01 0.0024
                 1.44120E-01 0.0024
                 1.02607E-01 0.0029
                 6.97554E-02 0.0035
                 4.59097E-01 0.0012
                 1.43062E-01 0.0024
                 1.43522E-01 0.0024
                 1.02609E-01 0.0029
                 6.99030E-02 0.0035
                 4.58568E-01 0.0012
                 1.42893E-01 0.0024
                 1.43153E-01 0.0024
                 1.02548E-01 0.0029
                 6.99738E-02 0.0035
                 4.58727E-01 0.0012
                 1.42599E-01 0.0024
                 1.43702E-01 0.0024
                 1.02410E-01 0.0029
                 7.00161E-02 0.0035
                 4.57783E-01 0.0012
                 1.42192E-01 0.0025
                 1.43184E-01 0.0024
                 1.02406E-01 0.0029
                 7.00015E-02 0.0035
                 4.58246E-01 0.0012
                 1.42400E-01 0.0024
                 1.43040E-01 0.0024
                 1.02468E-01 0.0029
                 7.03377E-02 0.0035
                 4.57874E-01 0.0012
                 1.42156E-01 0.0025
                 1.42827E-01 0.0024
                 1.02417E-01 0.0029
                 7.04743E-02 0.0035
                 4.57419E-01 0.0012
                 1.41786E-01 0.0025
                 1.42579E-01 0.0024
                 1.02670E-01 0.0029
                 7.03835E-02 0.0035
                 4.57367E-01 0.0012
                 1.41693E-01 0.0025
                 1.42457E-01 0.0024
                 1.02576E-01 0.0029
                 7.06409E-02 0.0035
                 4.56767E-01 0.0012
                 1.41586E-01 0.0025
                 1.42090E-01 0.0024
                 1.02468E-01 0.0029
                 7.06237E-02 0.0035
                 4.56803E-01 0.0012
                 1.41330E-01 0.0025
                 1.42100E-01 0.0024
                 1.02658E-01 0.0029
                 7.07149E-02 0.0035
                 4.56652E-01 0.0012
                 1.41073E-01 0.0025
                 1.42191E-01 0.0024
                 1.02566E-01 0.0029
                 7.08229E-02 0.0035
                 4.55884E-01 0.0012
                 1.40686E-01 0.0025
                 1.42048E-01 0.0024
                 1.02433E-01 0.0029
                 7.07165E-02 0.0035
                 4.55614E-01 0.0012
                 1.40379E-01 0.0025
                 1.42207E-01 0.0024
                 1.02660E-01 0.0029
                 7.03678E-02 0.0035
                 4.55328E-01 0.0012
                 1.40491E-01 0.0025
                 1.41885E-01 0.0024
                 1.02586E-01 0.0029
                 7.03658E-02 0.0035
                 4.54783E-01 0.0012
                 1.40017E-01 0.0025
                 1.41616E-01 0.0024
                 1.02449E-01 0.0029
                 7.07007E-02 0.0035
                 4.54953E-01 0.0012
                 1.39892E-01 0.0025
                 1.41356E-01 0.0024
                 1.02458E-01 0.0029
                 7.12472E-02 0.0035
                 4.54473E-01 0.0012
                 1.39799E-01 0.0025
                 1.41441E-01 0.0024
                 1.02313E-01 0.0029
                 7.09200E-02 0.0035
                 4.54303E-01 0.0012
                 1.39674E-01 0.0025
                 1.41053E-01 0.0024
                 1.02501E-01 0.0029
                 7.10755E-02 0.0035
                 4.53475E-01 0.0012
                 1.39122E-01 0.0025
                 1.41344E-01 0.0024
                 1.02055E-01 0.0029
                 7.09534E-02 0.0035
                 4.53021E-01 0.0012
                 1.39163E-01 0.0025
                 1.40835E-01 0.0024
                 1.02354E-01 0.0029
                 7.06690E-02 0.0035
                 4.52959E-01 0.0012
                 1.38817E-01 0.0025
                 1.40917E-01 0.0024
                 1.02246E-01 0.0029
                 7.09792E-02 0.0035
                 4.52617E-01 0.0012
                 1.38677E-01 0.0025
                 1.40557E-01 0.0024
                 1.02357E-01 0.0029
                 7.10264E-02 0.0035
                 4.52171E-01 0.0012
                 1.38624E-01 0.0025
                 1.40280E-01 0.0024
                 1.02081E-01 0.0029
                 7.11856E-02 0.0035
                 4.51764E-01 0.0012
                 1.38390E-01 0.0025
                 1.40107E-01 0.0024
                 1.02193E-01 0.0029
                 7.10740E-02 0.0035
                 4.50796E-01 0.0012
                 1.37810E-01 0.0025
                 1.39846E-01 0.0024
                 1.02026E-01 0.0029
                 7.11141E-02 0.0035
                 4.50563E-01 0.0012
                 1.37376E-01 0.0025
                 1.39989E-01 0.0024
                 1.01948E-01 0.0029
                 7.12499E-02 0.0035
                 4.50130E-01 0.0012
                 1.37311E-01 0.0025
                 1.39797E-01 0.0024
                 1.01875E-01 0.0029
                 7.11474E-02 0.0035
                 4.49766E-01 0.0012
                 1.37027E-01 0.0025
                 1.39851E-01 0.0024
                 1.01757E-01 0.0029
                 7.11312E-02 0.0035
                 4.49737E-01 0.0012
                 1.37189E-01 0.0025
                 1.39449E-01 0.0024
                 1.01900E-01 0.0029
                 7.11986E-02 0.0035
                 4.49398E-01 0.0012
                 1.36877E-01 0.0025
                 1.39500E-01 0.0024
                 1.01747E-01 0.0029
                 7.12737E-02 0.0035
                 4.49843E-01 0.0012
                 1.36943E-01 0.0025
                 1.39887E-01 0.0024
                 1.01736E-01 0.0029
                 7.12780E-02 0.0035
                 4.48997E-01 0.0012
                 1.36226E-01 0.0025
                 1.39626E-01 0.0024
                 1.01819E-01 0.0029
                 7.13268E-02 0.0035
                 4.48104E-01 0.0012
                 1.35926E-01 0.0025
                 1.39289E-01 0.0024
                 1.01775E-01 0.0029
                 7.11133E-02 0.0035
                 4.47792E-01 0.0012
                 1.35704E-01 0.0025
                 1.39186E-01 0.0024
                 1.01845E-01 0.0029
                 7.10572E-02 0.0035
                 4.47757E-01 0.0012
                 1.35950E-01 0.0025
                 1.38989E-01 0.0024
                 1.01798E-01 0.0029
                 7.10204E-02 0.0035
                 4.47538E-01 0.0012
                 1.35611E-01 0.0025
                 1.38927E-01 0.0024
                 1.01847E-01 0.0029
                 7.11536E-02 0.0035
                 4.47165E-01 0.0012
                 1.35420E-01 0.0025
                 1.38716E-01 0.0024
                 1.01627E-01 0.0029
                 7.14017E-02 0.0035
                 4.47134E-01 0.0012
                 1.35574E-01 0.0025
                 1.38752E-01 0.0024
                 1.01472E-01 0.0029
                 7.13350E-02 0.0035
                 4.46306E-01 0.0012
                 1.34837E-01 0.0025
                 1.38252E-01 0.0024
                 1.01855E-01 0.0029
                 7.13619E-02 0.0035
                 4.45693E-01 0.0012
                 1.34516E-01 0.0025
                 1.38022E-01 0.0024
                 1.01531E-01 0.0029
                 7.16249E-02 0.0035
                 4.45310E-01 0.0012
                 1.34372E-01 0.0025
                 1.37793E-01 0.0024
                 1.01718E-01 0.0029
                 7.14277E-02 0.0035
                 4.45007E-01 0.0012
                 1.34166E-01 0.0025
                 1.37816E-01 0.0024
                 1.01764E-01 0.0029
                 7.12617E-02 0.0035
                 4.44258E-01 0.0012
                 1.33897E-01 0.0025
                 1.37662E-01 0.0025
                 1.01339E-01 0.0029
                 7.13604E-02 0.0035
                 4.43781E-01 0.0012
                 1.33662E-01 0.0025
                 1.37198E-01 0.0025
                 1.01298E-01 0.0029
                 7.16230E-02 0.0035
                 4.44013E-01 0.0012
                 1.33558E-01 0.0025
                 1.37561E-01 0.0024
                 1.01120E-01 0.0029
                 7.17745E-02 0.0035
                 4.43979E-01 0.0012
                 1.33624E-01 0.0025
                 1.37302E-01 0.0025
                 1.01454E-01 0.0029
                 7.15991E-02 0.0035
                 4.43753E-01 0.0012
                 1.33505E-01 0.0025
                 1.37110E-01 0.0025
                 1.01372E-01 0.0029
                 7.17662E-02 0.0035
                 4.50290E-01 0.0012
                 1.34600E-01 0.0026
                 1.38896E-01 0.0025
                 1.03329E-01 0.0029
                 7.34651E-02 0.0035
                 4.42496E-01 0.0012
                 1.33019E-01 0.0025
                 1.36677E-01 0.0025
                 1.00989E-01 0.0029
                 7.18106E-02 0.0035
                 4.42231E-01 0.0012
                 1.32589E-01 0.0025
                 1.36574E-01 0.0025
                 1.01177E-01 0.0029
                 7.18917E-02 0.0035
                 4.42399E-01 0.0012
                 1.32399E-01 0.0026
                 1.36679E-01 0.0025
                 1.01418E-01 0.0029
                 7.19035E-02 0.0035
                 4.42159E-01 0.0012
                 1.32270E-01 0.0026
                 1.36575E-01 0.0025
                 1.01411E-01 0.0029
                 7.19034E-02 0.0035
                 4.42477E-01 0.0012
                 1.32117E-01 0.0026
                 1.36548E-01 0.0025
                 1.01795E-01 0.0029
                 7.20177E-02 0.0035
                 4.41723E-01 0.0012
                 1.31759E-01 0.0026
                 1.36073E-01 0.0025
                 1.01658E-01 0.0029
                 7.22329E-02 0.0035
                 4.41569E-01 0.0012
                 1.32060E-01 0.0026
                 1.36087E-01 0.0025
                 1.01208E-01 0.0029
                 7.22138E-02 0.0035
                 4.41391E-01 0.0012
                 1.32010E-01 0.0026
                 1.35962E-01 0.0025
                 1.01210E-01 0.0029
                 7.22086E-02 0.0035
                 4.40594E-01 0.0012
                 1.31610E-01 0.0026
                 1.35693E-01 0.0025
                 1.01146E-01 0.0029
                 7.21447E-02 0.0035
                 4.40607E-01 0.0012
                 1.31356E-01 0.0026
                 1.35884E-01 0.0025
                 1.01392E-01 0.0029
                 7.19756E-02 0.0035
                 4.40722E-01 0.0012
                 1.31311E-01 0.0026
                 1.35836E-01 0.0025
                 1.01207E-01 0.0029
                 7.23673E-02 0.0035
                 4.40318E-01 0.0012
                 1.30953E-01 0.0026
                 1.35541E-01 0.0025
                 1.01534E-01 0.0029
                 7.22903E-02 0.0035
                 4.39863E-01 0.0012
                 1.30714E-01 0.0026
                 1.35479E-01 0.0025
                 1.01206E-01 0.0029
                 7.24645E-02 0.0035
                 4.39513E-01 0.0012
                 1.30736E-01 0.0026
                 1.35560E-01 0.0025
                 1.00998E-01 0.0029
                 7.22190E-02 0.0035
                 4.38880E-01 0.0012
                 1.30539E-01 0.0026
                 1.34991E-01 0.0025
                 1.01153E-01 0.0029
                 7.21973E-02 0.0035
                 4.38676E-01 0.0012
                 1.30203E-01 0.0026
                 1.35270E-01 0.0025
                 1.01116E-01 0.0029
                 7.20875E-02 0.0035
                 4.38581E-01 0.0012
                 1.30127E-01 0.0026
                 1.35173E-01 0.0025
                 1.01443E-01 0.0029
                 7.18382E-02 0.0035
                 4.37931E-01 0.0012
                 1.29792E-01 0.0026
                 1.35126E-01 0.0025
                 1.00957E-01 0.0029
                 7.20570E-02 0.0035
                 4.38332E-01 0.0013
                 1.29815E-01 0.0026
                 1.35110E-01 0.0025
                 1.01284E-01 0.0029
                 7.21225E-02 0.0035
                 4.38171E-01 0.0013
                 1.29961E-01 0.0026
                 1.34763E-01 0.0025
                 1.01366E-01 0.0029
                 7.20817E-02 0.0035
                 4.37645E-01 0.0013
                 1.29517E-01 0.0026
                 1.34440E-01 0.0025
                 1.01502E-01 0.0029
                 7.21854E-02 0.0035
                 4.37764E-01 0.0013
                 1.29505E-01 0.0026
                 1.34373E-01 0.0025
                 1.01563E-01 0.0029
                 7.23225E-02 0.0035
                 4.37550E-01 0.0013
                 1.29202E-01 0.0026
                 1.34269E-01 0.0025
                 1.01491E-01 0.0029
                 7.25874E-02 0.0035
                 4.37247E-01 0.0013
                 1.29228E-01 0.0026
                 1.34227E-01 0.0025
                 1.01217E-01 0.0029
                 7.25758E-02 0.0035
                 4.36616E-01 0.0013
                 1.28863E-01 0.0026
                 1.34177E-01 0.0025
                 1.00985E-01 0.0029
                 7.25902E-02 0.0035
                 4.36490E-01 0.0013
                 1.28704E-01 0.0026
                 1.34008E-01 0.0025
                 1.01087E-01 0.0029
                 7.26913E-02 0.0035
                 4.35729E-01 0.0013
                 1.28471E-01 0.0026
                 1.33913E-01 0.0025
                 1.00673E-01 0.0029
                 7.26718E-02 0.0035
                 4.35200E-01 0.0013
                 1.28325E-01 0.0026
                 1.33547E-01 0.0025
                 1.00698E-01 0.0029
                 7.26312E-02 0.0035
                 4.34336E-01 0.0013
                 1.27806E-01 0.0026
                 1.33310E-01 0.0025
                 1.00610E-01 0.0029
                 7.26099E-02 0.0035
                 4.34859E-01 0.0013
                 1.28080E-01 0.0026
                 1.33488E-01 0.0025
                 1.00708E-01 0.0029
                 7.25832E-02 0.0035
                 4.34346E-01 0.0013
                 1.27555E-01 0.0026
                 1.33352E-01 0.0025
                 1.00932E-01 0.0029
                 7.25072E-02 0.0035
                 4.34125E-01 0.0013
                 1.27659E-01 0.0026
                 1.33293E-01 0.0025
                 1.00809E-01 0.0029
                 7.23639E-02 0.0035
                 4.34208E-01 0.0013
                 1.27606E-01 0.0026
                 1.33268E-01 0.0025
                 1.00648E-01 0.0029
                 7.26859E-02 0.0035
                 4.33761E-01 0.0013
                 1.27225E-01 0.0026
                 1.33509E-01 0.0025
                 1.00424E-01 0.0029
                 7.26035E-02 0.0035
                 4.33485E-01 0.0013
                 1.27057E-01 0.0026
                 1.33189E-01 0.0025
                 1.00506E-01 0.0029
                 7.27332E-02 0.0035
                 4.32620E-01 0.0013
                 1.26784E-01 0.0026
                 1.32679E-01 0.0025
                 1.00528E-01 0.0029
                 7.26295E-02 0.0035
                 4.32521E-01 0.0013
                 1.26599E-01 0.0026
                 1.32942E-01 0.0025
                 1.00433E-01 0.0029
                 7.25465E-02 0.0035
                 4.31564E-01 0.0013
                 1.26421E-01 0.0026
                 1.32510E-01 0.0025
                 1.00435E-01 0.0029
                 7.21982E-02 0.0035
                 4.30738E-01 0.0013
                 1.26005E-01 0.0026
                 1.32453E-01 0.0025
                 1.00109E-01 0.0029
                 7.21708E-02 0.0035
                 4.30499E-01 0.0013
                 1.26078E-01 0.0026
                 1.32361E-01 0.0025
                 9.97865E-02 0.0029
                 7.22726E-02 0.0035
                 4.29896E-01 0.0013
                 1.25960E-01 0.0026
                 1.32184E-01 0.0025
                 9.94350E-02 0.0029
                 7.23160E-02 0.0035
                 4.29978E-01 0.0013
                 1.25847E-01 0.0026
                 1.32229E-01 0.0025
                 9.97649E-02 0.0029
                 7.21375E-02 0.0035
                 4.29717E-01 0.0013
                 1.25577E-01 0.0026
                 1.32059E-01 0.0025
                 9.97610E-02 0.0029
                 7.23190E-02 0.0035
                 4.29653E-01 0.0013
                 1.25359E-01 0.0026
                 1.31799E-01 0.0025
                 1.00056E-01 0.0029
                 7.24398E-02 0.0035
                 4.30031E-01 0.0013
                 1.25518E-01 0.0026
                 1.31740E-01 0.0025
                 9.99632E-02 0.0029
                 7.28099E-02 0.0035
                 4.28888E-01 0.0013
                 1.25235E-01 0.0026
                 1.31006E-01 0.0025
                 9.96465E-02 0.0029
                 7.30012E-02 0.0035
                 4.28846E-01 0.0013
                 1.25096E-01 0.0026
                 1.31126E-01 0.0025
                 9.96788E-02 0.0029
                 7.29446E-02 0.0035
                 4.28415E-01 0.0013
                 1.24635E-01 0.0026
                 1.31151E-01 0.0025
                 9.92478E-02 0.0029
                 7.33811E-02 0.0035
                 4.28337E-01 0.0013
                 1.24918E-01 0.0026
                 1.30903E-01 0.0025
                 9.93465E-02 0.0029
                 7.31697E-02 0.0035
                 4.28609E-01 0.0013
                 1.24884E-01 0.0026
                 1.30920E-01 0.0025
                 9.98522E-02 0.0029
                 7.29534E-02 0.0035
                 4.28136E-01 0.0013
                 1.24717E-01 0.0027
                 1.30794E-01 0.0025
                 9.97122E-02 0.0029
                 7.29127E-02 0.0035
                 4.27566E-01 0.0013
                 1.24258E-01 0.0027
                 1.30887E-01 0.0025
                 9.94516E-02 0.0029
                 7.29692E-02 0.0034
                 4.27887E-01 0.0013
                 1.24331E-01 0.0027
                 1.30981E-01 0.0025
                 9.96020E-02 0.0029
                 7.29728E-02 0.0035
                 4.27814E-01 0.0013
                 1.24329E-01 0.0027
                 1.30891E-01 0.0025
                 9.93633E-02 0.0029
                 7.32311E-02 0.0034
                 4.27695E-01 0.0013
                 1.24084E-01 0.0027
                 1.30641E-01 0.0025
                 9.97362E-02 0.0029
                 7.32339E-02 0.0034
                 4.26604E-01 0.0013
                 1.23936E-01 0.0027
                 1.30373E-01 0.0025
                 9.90903E-02 0.0029
                 7.32040E-02 0.0034
                 4.26079E-01 0.0013
                 1.23662E-01 0.0027
                 1.30102E-01 0.0025
                 9.92776E-02 0.0029
                 7.30378E-02 0.0034
                 4.25750E-01 0.0013
                 1.23295E-01 0.0027
                 1.30079E-01 0.0025
                 9.94195E-02 0.0029
                 7.29560E-02 0.0034
                 4.25486E-01 0.0013
                 1.23019E-01 0.0027
                 1.29856E-01 0.0025
                 9.94065E-02 0.0029
                 7.32038E-02 0.0034
                 4.25592E-01 0.0013
                 1.23178E-01 0.0027
                 1.29752E-01 0.0025
                 9.93856E-02 0.0029
                 7.32756E-02 0.0034
                 4.25319E-01 0.0013
                 1.22754E-01 0.0027
                 1.29897E-01 0.0025
                 9.94477E-02 0.0029
                 7.32208E-02 0.0034
                 4.24879E-01 0.0013
                 1.22711E-01 0.0027
                 1.29626E-01 0.0025
                 9.92810E-02 0.0029
                 7.32606E-02 0.0034
                 4.24785E-01 0.0013
                 1.22666E-01 0.0027
                 1.29666E-01 0.0025
                 9.90966E-02 0.0029
                 7.33568E-02 0.0034
                 4.24425E-01 0.0013
                 1.22399E-01 0.0027
                 1.29498E-01 0.0025
                 9.91430E-02 0.0029
                 7.33854E-02 0.0034
                 4.24240E-01 0.0013
                 1.22467E-01 0.0027
                 1.29449E-01 0.0025
                 9.91314E-02 0.0029
                 7.31924E-02 0.0034
                 4.24595E-01 0.0013
                 1.22873E-01 0.0027
                 1.29379E-01 0.0025
                 9.90214E-02 0.0029
                 7.33212E-02 0.0034
                 4.23873E-01 0.0013
                 1.22460E-01 0.0027
                 1.29286E-01 0.0025
                 9.89761E-02 0.0029
                 7.31511E-02 0.0035
                 4.23636E-01 0.0013
                 1.22236E-01 0.0027
                 1.29148E-01 0.0025
                 9.91061E-02 0.0029
                 7.31461E-02 0.0034
                 4.23183E-01 0.0013
                 1.21807E-01 0.0027
                 1.29087E-01 0.0025
                 9.92074E-02 0.0029
                 7.30815E-02 0.0034
                 4.22754E-01 0.0013
                 1.21900E-01 0.0027
                 1.28978E-01 0.0026
                 9.88019E-02 0.0029
                 7.30741E-02 0.0034
                 4.22573E-01 0.0013
                 1.21743E-01 0.0027
                 1.28672E-01 0.0026
                 9.88017E-02 0.0029
                 7.33560E-02 0.0034
                 4.22312E-01 0.0013
                 1.21481E-01 0.0027
                 1.28475E-01 0.0026
                 9.89522E-02 0.0029
                 7.34044E-02 0.0034
                 4.22128E-01 0.0013
                 1.21338E-01 0.0027
                 1.28267E-01 0.0026
                 9.88201E-02 0.0029
                 7.37021E-02 0.0034
                 4.21493E-01 0.0013
                 1.20908E-01 0.0027
                 1.28198E-01 0.0026
                 9.86336E-02 0.0030
                 7.37533E-02 0.0034
                 4.21020E-01 0.0013
                 1.21007E-01 0.0027
                 1.27677E-01 0.0026
                 9.85253E-02 0.0030
                 7.38104E-02 0.0034
                 4.20680E-01 0.0013
                 1.20517E-01 0.0027
                 1.27942E-01 0.0026
                 9.83840E-02 0.0029
                 7.38367E-02 0.0034
                 4.20265E-01 0.0013
                 1.20557E-01 0.0027
                 1.27659E-01 0.0026
                 9.84949E-02 0.0029
                 7.35539E-02 0.0034
                 4.20247E-01 0.0013
                 1.20591E-01 0.0027
                 1.27625E-01 0.0026
                 9.83104E-02 0.0030
                 7.37209E-02 0.0034
                 4.20107E-01 0.0013
                 1.20263E-01 0.0027
                 1.27710E-01 0.0026
                 9.83130E-02 0.0029
                 7.38213E-02 0.0034
                 4.24672E-01 0.0013
                 1.20925E-01 0.0027
                 1.28993E-01 0.0026
                 9.95623E-02 0.0030
                 7.51925E-02 0.0034
                 4.19055E-01 0.0013
                 1.19884E-01 0.0027
                 1.27559E-01 0.0026
                 9.80109E-02 0.0030
                 7.36006E-02 0.0034
                 4.18782E-01 0.0013
                 1.19713E-01 0.0027
                 1.27623E-01 0.0026
                 9.79628E-02 0.0030
                 7.34834E-02 0.0034
                 4.19128E-01 0.0013
                 1.19761E-01 0.0027
                 1.27765E-01 0.0026
                 9.80961E-02 0.0030
                 7.35062E-02 0.0034
                 4.18985E-01 0.0013
                 1.19670E-01 0.0027
                 1.27773E-01 0.0026
                 9.78603E-02 0.0030
                 7.36818E-02 0.0034
                 4.18494E-01 0.0013
                 1.19457E-01 0.0027
                 1.27424E-01 0.0026
                 9.79497E-02 0.0030
                 7.36635E-02 0.0034
                 4.18337E-01 0.0013
                 1.19410E-01 0.0027
                 1.27459E-01 0.0026
                 9.75631E-02 0.0030
                 7.39040E-02 0.0034
                 4.17826E-01 0.0013
                 1.19268E-01 0.0027
                 1.26864E-01 0.0026
                 9.77032E-02 0.0030
                 7.39907E-02 0.0034
                 4.16510E-01 0.0053
                 1.17141E-01 0.0111
                 1.26808E-01 0.0104
                 9.73037E-02 0.0121
                 7.52567E-02 0.0139
                 4.16920E-01 0.0013
                 1.18923E-01 0.0027
                 1.26863E-01 0.0026
                 9.72086E-02 0.0030
                 7.39252E-02 0.0034
                 4.16773E-01 0.0013
                 1.18497E-01 0.0027
                 1.26856E-01 0.0026
                 9.77377E-02 0.0030
                 7.36832E-02 0.0034
                 4.16296E-01 0.0013
                 1.18504E-01 0.0027
                 1.26642E-01 0.0026
                 9.76138E-02 0.0030
                 7.35364E-02 0.0034
                 4.20922E-01 0.0013
                 1.19198E-01 0.0027
                 1.27670E-01 0.0026
                 9.91540E-02 0.0030
                 7.48999E-02 0.0034
                 4.15513E-01 0.0013
                 1.18412E-01 0.0027
                 1.25930E-01 0.0026
                 9.76514E-02 0.0030
                 7.35206E-02 0.0034
                 4.15322E-01 0.0013
                 1.17973E-01 0.0027
                 1.25929E-01 0.0026
                 9.77629E-02 0.0030
                 7.36560E-02 0.0034
                 4.14941E-01 0.0013
                 1.17931E-01 0.0027
                 1.25698E-01 0.0026
                 9.75797E-02 0.0030
                 7.37321E-02 0.0034
                 4.14485E-01 0.0013
                 1.17812E-01 0.0027
                 1.25341E-01 0.0026
                 9.76505E-02 0.0030
                 7.36813E-02 0.0034
                 4.14228E-01 0.0013
                 1.17353E-01 0.0027
                 1.25310E-01 0.0026
                 9.78374E-02 0.0030
                 7.37276E-02 0.0034
                 4.13980E-01 0.0013
                 1.17406E-01 0.0027
                 1.25096E-01 0.0026
                 9.75489E-02 0.0030
                 7.39282E-02 0.0034
                 4.13642E-01 0.0013
                 1.17135E-01 0.0027
                 1.25109E-01 0.0026
                 9.75416E-02 0.0030
                 7.38564E-02 0.0034
                 4.13420E-01 0.0013
                 1.17261E-01 0.0027
                 1.24732E-01 0.0026
                 9.75105E-02 0.0030
                 7.39165E-02 0.0034
                 4.13288E-01 0.0013
                 1.17310E-01 0.0027
                 1.24805E-01 0.0026
                 9.74281E-02 0.0030
                 7.37448E-02 0.0034
                 4.12932E-01 0.0013
                 1.17230E-01 0.0027
                 1.24639E-01 0.0026
                 9.72628E-02 0.0030
                 7.37999E-02 0.0034
                 4.12131E-01 0.0013
                 1.17004E-01 0.0027
                 1.24246E-01 0.0026
                 9.70146E-02 0.0030
                 7.38655E-02 0.0034
                 4.11426E-01 0.0013
                 1.16519E-01 0.0027
                 1.24153E-01 0.0026
                 9.68006E-02 0.0030
                 7.39530E-02 0.0034
                 4.11492E-01 0.0013
                 1.16664E-01 0.0027
                 1.23906E-01 0.0026
                 9.70316E-02 0.0030
                 7.38894E-02 0.0034
                 4.11427E-01 0.0013
                 1.16336E-01 0.0027
                 1.24220E-01 0.0026
                 9.71578E-02 0.0030
                 7.37136E-02 0.0034
                 4.10946E-01 0.0013
                 1.16336E-01 0.0027
                 1.24064E-01 0.0026
                 9.70623E-02 0.0030
                 7.34841E-02 0.0034
                 4.10416E-01 0.0013
                 1.15919E-01 0.0027
                 1.23779E-01 0.0026
                 9.71403E-02 0.0030
                 7.35775E-02 0.0034
                 4.10030E-01 0.0013
                 1.15837E-01 0.0027
                 1.23881E-01 0.0026
                 9.67487E-02 0.0030
                 7.35632E-02 0.0034
                 4.10071E-01 0.0013
                 1.15823E-01 0.0027
                 1.23750E-01 0.0026
                 9.69247E-02 0.0030
                 7.35727E-02 0.0034
                 4.10167E-01 0.0013
                 1.16074E-01 0.0027
                 1.23661E-01 0.0026
                 9.68094E-02 0.0030
                 7.36217E-02 0.0034
                 4.09423E-01 0.0013
                 1.15710E-01 0.0028
                 1.23580E-01 0.0026
                 9.66946E-02 0.0030
                 7.34386E-02 0.0034
                 4.09193E-01 0.0013
                 1.15411E-01 0.0028
                 1.23332E-01 0.0026
                 9.68665E-02 0.0030
                 7.35836E-02 0.0034
                 4.09458E-01 0.0013
                 1.15195E-01 0.0028
                 1.23373E-01 0.0026
                 9.69176E-02 0.0030
                 7.39723E-02 0.0034
                 4.09126E-01 0.0013
                 1.15258E-01 0.0028
                 1.23288E-01 0.0026
                 9.67319E-02 0.0030
                 7.38483E-02 0.0034
                 4.09098E-01 0.0013
                 1.14939E-01 0.0028
                 1.23402E-01 0.0026
                 9.69053E-02 0.0030
                 7.38513E-02 0.0034
                 4.09024E-01 0.0013
                 1.15070E-01 0.0028
                 1.23123E-01 0.0026
                 9.68939E-02 0.0030
                 7.39370E-02 0.0034
                 4.08399E-01 0.0013
                 1.14797E-01 0.0028
                 1.23054E-01 0.0026
                 9.66221E-02 0.0030
                 7.39256E-02 0.0034
                 4.07741E-01 0.0013
                 1.14519E-01 0.0028
                 1.22833E-01 0.0026
                 9.66170E-02 0.0030
                 7.37714E-02 0.0034
                 4.07631E-01 0.0013
                 1.14631E-01 0.0028
                 1.22680E-01 0.0026
                 9.66021E-02 0.0030
                 7.37172E-02 0.0034
                 4.07385E-01 0.0013
                 1.14643E-01 0.0028
                 1.22417E-01 0.0026
                 9.64850E-02 0.0030
                 7.38399E-02 0.0034
                 4.07603E-01 0.0013
                 1.14672E-01 0.0028
                 1.22567E-01 0.0026
                 9.64053E-02 0.0030
                 7.39589E-02 0.0034
                 4.07258E-01 0.0013
                 1.14246E-01 0.0028
                 1.22941E-01 0.0026
                 9.62791E-02 0.0030
                 7.37915E-02 0.0034
                 4.07102E-01 0.0013
                 1.14137E-01 0.0028
                 1.22815E-01 0.0026
                 9.64002E-02 0.0030
                 7.37499E-02 0.0034
                 4.06273E-01 0.0013
                 1.13902E-01 0.0028
                 1.22297E-01 0.0026
                 9.62014E-02 0.0030
                 7.38725E-02 0.0034
                 4.05973E-01 0.0013
                 1.13913E-01 0.0028
                 1.22191E-01 0.0026
                 9.59347E-02 0.0030
                 7.39345E-02 0.0034
                 4.05321E-01 0.0013
                 1.13599E-01 0.0028
                 1.21893E-01 0.0026
                 9.59932E-02 0.0030
                 7.38356E-02 0.0034
                 4.05451E-01 0.0013
                 1.13645E-01 0.0028
                 1.21752E-01 0.0026
                 9.62164E-02 0.0030
                 7.38381E-02 0.0034
                 4.04691E-01 0.0013
                 1.13260E-01 0.0028
                 1.21845E-01 0.0026
                 9.58900E-02 0.0030
                 7.36963E-02 0.0034
                 4.05428E-01 0.0013
                 1.13261E-01 0.0028
                 1.22142E-01 0.0026
                 9.60681E-02 0.0030
                 7.39570E-02 0.0034
                 4.04804E-01 0.0013
                 1.13218E-01 0.0028
                 1.21629E-01 0.0026
                 9.57658E-02 0.0030
                 7.41913E-02 0.0034
                 4.04652E-01 0.0013
                 1.13352E-01 0.0028
                 1.21553E-01 0.0026
                 9.59011E-02 0.0030
                 7.38459E-02 0.0034
                 4.04337E-01 0.0013
                 1.13194E-01 0.0028
                 1.21320E-01 0.0026
                 9.59313E-02 0.0030
                 7.38925E-02 0.0034
                 4.03720E-01 0.0013
                 1.13048E-01 0.0028
                 1.21182E-01 0.0026
                 9.58167E-02 0.0030
                 7.36740E-02 0.0034
                 4.04178E-01 0.0013
                 1.12907E-01 0.0028
                 1.21541E-01 0.0026
                 9.57590E-02 0.0030
                 7.39711E-02 0.0034
                 4.03669E-01 0.0013
                 1.12782E-01 0.0028
                 1.21193E-01 0.0026
                 9.56755E-02 0.0030
                 7.40182E-02 0.0034
                 4.03625E-01 0.0013
                 1.12632E-01 0.0028
                 1.21474E-01 0.0026
                 9.55608E-02 0.0030
                 7.39584E-02 0.0034
                 4.03515E-01 0.0013
                 1.12477E-01 0.0028
                 1.21156E-01 0.0026
                 9.59462E-02 0.0030
                 7.39357E-02 0.0034
                 4.03459E-01 0.0013
                 1.12199E-01 0.0028
                 1.21224E-01 0.0026
                 9.57342E-02 0.0030
                 7.43026E-02 0.0034
                 4.03193E-01 0.0013
                 1.12122E-01 0.0028
                 1.20780E-01 0.0026
                 9.59761E-02 0.0030
                 7.43142E-02 0.0034
                 4.02803E-01 0.0013
                 1.12455E-01 0.0028
                 1.20709E-01 0.0026
                 9.54801E-02 0.0030
                 7.41580E-02 0.0034
                 4.01975E-01 0.0013
                 1.12069E-01 0.0028
                 1.20720E-01 0.0026
                 9.53882E-02 0.0030
                 7.37979E-02 0.0034
                 4.01914E-01 0.0013
                 1.11973E-01 0.0028
                 1.20577E-01 0.0026
                 9.55961E-02 0.0030
                 7.37680E-02 0.0034
                 4.01577E-01 0.0013
                 1.12031E-01 0.0028
                 1.20338E-01 0.0026
                 9.55403E-02 0.0030
                 7.36686E-02 0.0034
                 4.01733E-01 0.0013
                 1.11781E-01 0.0028
                 1.20706E-01 0.0026
                 9.53880E-02 0.0030
                 7.38578E-02 0.0034
                 4.01470E-01 0.0013
                 1.11636E-01 0.0028
                 1.20614E-01 0.0027
                 9.51966E-02 0.0030
                 7.40230E-02 0.0034
                 4.00931E-01 0.0013
                 1.11433E-01 0.0028
                 1.20399E-01 0.0026
                 9.52425E-02 0.0030
                 7.38559E-02 0.0034
                 4.01208E-01 0.0013
                 1.11271E-01 0.0028
                 1.20699E-01 0.0026
                 9.55036E-02 0.0030
                 7.37340E-02 0.0034
                 4.00412E-01 0.0013
                 1.11125E-01 0.0028
                 1.20289E-01 0.0026
                 9.51910E-02 0.0030
                 7.38066E-02 0.0034
                 4.00339E-01 0.0013
                 1.11257E-01 0.0028
                 1.19976E-01 0.0027
                 9.50435E-02 0.0030
                 7.40631E-02 0.0034
                 4.00124E-01 0.0013
                 1.11081E-01 0.0028
                 1.19761E-01 0.0027
                 9.52592E-02 0.0030
                 7.40221E-02 0.0034
                 3.99287E-01 0.0013
                 1.10640E-01 0.0028
                 1.19683E-01 0.0027
                 9.50600E-02 0.0030
                 7.39042E-02 0.0034
                 3.98330E-01 0.0013
                 1.10426E-01 0.0028
                 1.19513E-01 0.0027
                 9.47255E-02 0.0030
                 7.36652E-02 0.0034
                 3.98716E-01 0.0013
                 1.10632E-01 0.0028
                 1.19434E-01 0.0027
                 9.49996E-02 0.0030
                 7.36506E-02 0.0034
                 3.98689E-01 0.0013
                 1.10327E-01 0.0028
                 1.19613E-01 0.0027
                 9.50110E-02 0.0030
                 7.37383E-02 0.0034
                 3.98204E-01 0.0013
                 1.10383E-01 0.0028
                 1.19289E-01 0.0027
                 9.50145E-02 0.0030
                 7.35168E-02 0.0034
                 3.98095E-01 0.0013
                 1.10231E-01 0.0028
                 1.19102E-01 0.0027
                 9.46712E-02 0.0030
                 7.40916E-02 0.0034
                 3.98007E-01 0.0013
                 1.09904E-01 0.0028
                 1.19140E-01 0.0027
                 9.50619E-02 0.0030
                 7.39009E-02 0.0034
                 3.97894E-01 0.0013
                 1.09705E-01 0.0028
                 1.19150E-01 0.0027
                 9.49660E-02 0.0030
                 7.40727E-02 0.0034
                 3.97837E-01 0.0013
                 1.09715E-01 0.0028
                 1.19124E-01 0.0027
                 9.50491E-02 0.0030
                 7.39492E-02 0.0034
                 3.97299E-01 0.0013
                 1.10009E-01 0.0028
                 1.18771E-01 0.0027
                 9.49669E-02 0.0030
                 7.35527E-02 0.0034
                 3.96913E-01 0.0013
                 1.09903E-01 0.0028
                 1.18764E-01 0.0027
                 9.46729E-02 0.0030
                 7.35730E-02 0.0034
                 3.97189E-01 0.0013
                 1.09826E-01 0.0028
                 1.18687E-01 0.0027
                 9.48715E-02 0.0030
                 7.38055E-02 0.0034
                 3.96564E-01 0.0013
                 1.09431E-01 0.0028
                 1.18497E-01 0.0027
                 9.48722E-02 0.0030
                 7.37636E-02 0.0034
                 3.96580E-01 0.0013
                 1.09438E-01 0.0028
                 1.18452E-01 0.0027
                 9.46365E-02 0.0030
                 7.40530E-02 0.0034
                 3.95898E-01 0.0013
                 1.09256E-01 0.0028
                 1.18321E-01 0.0027
                 9.46470E-02 0.0030
                 7.36743E-02 0.0034
                 3.95509E-01 0.0013
                 1.09177E-01 0.0028
                 1.18147E-01 0.0027
                 9.44636E-02 0.0030
                 7.37214E-02 0.0034
                 3.95342E-01 0.0013
                 1.08921E-01 0.0028
                 1.18244E-01 0.0027
                 9.43910E-02 0.0030
                 7.37854E-02 0.0034
                 3.95132E-01 0.0013
                 1.08530E-01 0.0028
                 1.18361E-01 0.0027
                 9.43261E-02 0.0030
                 7.39147E-02 0.0034
                 3.94749E-01 0.0014
                 1.08586E-01 0.0028
                 1.18138E-01 0.0027
                 9.40523E-02 0.0030
                 7.39726E-02 0.0034
                 3.94914E-01 0.0014
                 1.08698E-01 0.0029
                 1.18083E-01 0.0027
                 9.40921E-02 0.0030
                 7.40411E-02 0.0034
                 3.94790E-01 0.0014
                 1.08712E-01 0.0028
                 1.18462E-01 0.0027
                 9.39167E-02 0.0030
                 7.36991E-02 0.0034
                 3.94667E-01 0.0014
                 1.08606E-01 0.0029
                 1.18190E-01 0.0027
                 9.39409E-02 0.0030
                 7.39304E-02 0.0034
                 3.93821E-01 0.0014
                 1.08490E-01 0.0029
                 1.17931E-01 0.0027
                 9.38276E-02 0.0030
                 7.35720E-02 0.0034
                 3.93697E-01 0.0014
                 1.08038E-01 0.0029
                 1.18069E-01 0.0027
                 9.38859E-02 0.0030
                 7.37034E-02 0.0034
                 3.93580E-01 0.0014
                 1.08225E-01 0.0029
                 1.17705E-01 0.0027
                 9.37530E-02 0.0030
                 7.38965E-02 0.0034
                 3.93246E-01 0.0014
                 1.07896E-01 0.0029
                 1.17733E-01 0.0027
                 9.38337E-02 0.0030
                 7.37833E-02 0.0034
                 3.93671E-01 0.0014
                 1.07805E-01 0.0029
                 1.17660E-01 0.0027
                 9.41861E-02 0.0030
                 7.40203E-02 0.0034
                 3.92850E-01 0.0014
                 1.07617E-01 0.0029
                 1.17423E-01 0.0027
                 9.38975E-02 0.0030
                 7.39123E-02 0.0034
                 3.92893E-01 0.0014
                 1.07825E-01 0.0029
                 1.17105E-01 0.0027
                 9.39071E-02 0.0030
                 7.40560E-02 0.0034
                 3.92748E-01 0.0014
                 1.07505E-01 0.0029
                 1.17120E-01 0.0027
                 9.39346E-02 0.0030
                 7.41883E-02 0.0034
                 3.92605E-01 0.0014
                 1.07523E-01 0.0029
                 1.16940E-01 0.0027
                 9.39851E-02 0.0030
                 7.41569E-02 0.0034
                 3.92439E-01 0.0014
                 1.07180E-01 0.0029
                 1.17144E-01 0.0027
                 9.39461E-02 0.0030
                 7.41684E-02 0.0034
                 3.92733E-01 0.0014
                 1.07024E-01 0.0029
                 1.17353E-01 0.0027
                 9.38332E-02 0.0030
                 7.45223E-02 0.0034
                 3.91623E-01 0.0014
                 1.07169E-01 0.0029
                 1.16847E-01 0.0027
                 9.34472E-02 0.0030
                 7.41595E-02 0.0034
                 3.91587E-01 0.0014
                 1.06729E-01 0.0029
                 1.16640E-01 0.0027
                 9.39821E-02 0.0030
                 7.42360E-02 0.0034
                 3.91268E-01 0.0014
                 1.06506E-01 0.0029
                 1.16532E-01 0.0027
                 9.38108E-02 0.0030
                 7.44186E-02 0.0034
                 3.90744E-01 0.0014
                 1.06245E-01 0.0029
                 1.16266E-01 0.0027
                 9.36183E-02 0.0030
                 7.46150E-02 0.0034
                 3.90468E-01 0.0014
                 1.06054E-01 0.0029
                 1.16109E-01 0.0027
                 9.38471E-02 0.0030
                 7.44575E-02 0.0034
                 3.90079E-01 0.0014
                 1.05983E-01 0.0029
                 1.15946E-01 0.0027
                 9.36144E-02 0.0030
                 7.45355E-02 0.0034
                 3.89497E-01 0.0014
                 1.05694E-01 0.0029
                 1.15904E-01 0.0027
                 9.36544E-02 0.0030
                 7.42452E-02 0.0034
                 3.88924E-01 0.0014
                 1.05746E-01 0.0029
                 1.15786E-01 0.0027
                 9.33507E-02 0.0030
                 7.40416E-02 0.0034
                 3.89207E-01 0.0014
                 1.05790E-01 0.0029
                 1.15533E-01 0.0027
                 9.34898E-02 0.0030
                 7.43940E-02 0.0034
                 3.89057E-01 0.0014
                 1.05932E-01 0.0029
                 1.15195E-01 0.0027
                 9.36736E-02 0.0030
                 7.42570E-02 0.0034
                 3.89203E-01 0.0014
                 1.05803E-01 0.0029
                 1.15358E-01 0.0027
                 9.36523E-02 0.0030
                 7.43900E-02 0.0034
                 3.88998E-01 0.0014
                 1.05714E-01 0.0029
                 1.15393E-01 0.0027
                 9.36547E-02 0.0030
                 7.42362E-02 0.0034
                 3.89146E-01 0.0014
                 1.05746E-01 0.0029
                 1.15512E-01 0.0027
                 9.35208E-02 0.0030
                 7.43673E-02 0.0034
                 3.88894E-01 0.0014
                 1.05730E-01 0.0029
                 1.15316E-01 0.0027
                 9.33718E-02 0.0030
                 7.44755E-02 0.0034
                 3.88065E-01 0.0014
                 1.05462E-01 0.0029
                 1.15254E-01 0.0027
                 9.33604E-02 0.0030
                 7.39884E-02 0.0034
                 3.88206E-01 0.0014
                 1.05428E-01 0.0029
                 1.15168E-01 0.0027
                 9.34556E-02 0.0030
                 7.41549E-02 0.0034
                 3.87843E-01 0.0014
                 1.05374E-01 0.0029
                 1.15016E-01 0.0027
                 9.34097E-02 0.0030
                 7.40439E-02 0.0034
                 3.87695E-01 0.0014
                 1.05301E-01 0.0029
                 1.15002E-01 0.0027
                 9.32973E-02 0.0030
                 7.40953E-02 0.0034
                 3.87592E-01 0.0014
                 1.05394E-01 0.0029
                 1.14982E-01 0.0027
                 9.32223E-02 0.0030
                 7.39938E-02 0.0034
                 3.87347E-01 0.0014
                 1.05308E-01 0.0029
                 1.14952E-01 0.0027
                 9.32745E-02 0.0030
                 7.38129E-02 0.0034
                 3.87170E-01 0.0014
                 1.05402E-01 0.0029
                 1.14995E-01 0.0027
                 9.30278E-02 0.0030
                 7.37447E-02 0.0034
                 3.87090E-01 0.0014
                 1.05094E-01 0.0029
                 1.14900E-01 0.0027
                 9.31918E-02 0.0030
                 7.39036E-02 0.0034
                 3.86628E-01 0.0014
                 1.05204E-01 0.0029
                 1.14838E-01 0.0027
                 9.29583E-02 0.0030
                 7.36276E-02 0.0034
                 3.86352E-01 0.0014
                 1.05206E-01 0.0029
                 1.14612E-01 0.0027
                 9.26744E-02 0.0030
                 7.38584E-02 0.0034
                 3.91045E-01 0.0014
                 1.06047E-01 0.0029
                 1.15681E-01 0.0027
                 9.41870E-02 0.0030
                 7.51303E-02 0.0034
                 3.86089E-01 0.0014
                 1.04983E-01 0.0029
                 1.14211E-01 0.0027
                 9.28293E-02 0.0030
                 7.40649E-02 0.0034
                 3.85365E-01 0.0014
                 1.04549E-01 0.0029
                 1.14105E-01 0.0027
                 9.26061E-02 0.0030
                 7.41046E-02 0.0034
                 3.85107E-01 0.0014
                 1.04437E-01 0.0029
                 1.13770E-01 0.0027
                 9.28512E-02 0.0030
                 7.40488E-02 0.0034
                 3.84803E-01 0.0014
                 1.04230E-01 0.0029
                 1.14005E-01 0.0027
                 9.27976E-02 0.0030
                 7.37706E-02 0.0034
                 3.84156E-01 0.0014
                 1.03937E-01 0.0029
                 1.13992E-01 0.0027
                 9.28458E-02 0.0030
                 7.33812E-02 0.0034
                 3.84428E-01 0.0014
                 1.04058E-01 0.0029
                 1.13944E-01 0.0027
                 9.28549E-02 0.0030
                 7.35705E-02 0.0034
                 3.84415E-01 0.0014
                 1.04043E-01 0.0029
                 1.13925E-01 0.0027
                 9.26993E-02 0.0030
                 7.37470E-02 0.0034
                 3.83834E-01 0.0014
                 1.03594E-01 0.0029
                 1.14096E-01 0.0027
                 9.26860E-02 0.0030
                 7.34584E-02 0.0034
                 3.83712E-01 0.0014
                 1.03847E-01 0.0029
                 1.13788E-01 0.0027
                 9.25624E-02 0.0030
                 7.35145E-02 0.0034
                 3.83854E-01 0.0014
                 1.03754E-01 0.0029
                 1.13603E-01 0.0027
                 9.27340E-02 0.0030
                 7.37628E-02 0.0034
                 3.83588E-01 0.0014
                 1.03930E-01 0.0029
                 1.13788E-01 0.0027
                 9.24048E-02 0.0031
                 7.34656E-02 0.0034
                 3.83101E-01 0.0014
                 1.03753E-01 0.0029
                 1.13353E-01 0.0027
                 9.24639E-02 0.0030
                 7.35315E-02 0.0034
                 3.82692E-01 0.0014
                 1.03375E-01 0.0029
                 1.13571E-01 0.0027
                 9.24113E-02 0.0031
                 7.33354E-02 0.0034
                 3.82601E-01 0.0014
                 1.03092E-01 0.0029
                 1.13494E-01 0.0027
                 9.24504E-02 0.0030
                 7.35645E-02 0.0034
                 3.82272E-01 0.0014
                 1.03108E-01 0.0029
                 1.13317E-01 0.0027
                 9.22853E-02 0.0031
                 7.35615E-02 0.0034
                 3.81818E-01 0.0014
                 1.03243E-01 0.0029
                 1.12993E-01 0.0027
                 9.20873E-02 0.0031
                 7.34953E-02 0.0034
                 3.81599E-01 0.0014
                 1.02984E-01 0.0029
                 1.13016E-01 0.0027
                 9.19506E-02 0.0031
                 7.36487E-02 0.0034
                 3.81584E-01 0.0014
                 1.02922E-01 0.0029
                 1.12951E-01 0.0027
                 9.19730E-02 0.0031
                 7.37381E-02 0.0034
                 3.81496E-01 0.0014
                 1.02949E-01 0.0029
                 1.12904E-01 0.0027
                 9.21433E-02 0.0031
                 7.34992E-02 0.0034
                 3.81114E-01 0.0014
                 1.02805E-01 0.0029
                 1.12747E-01 0.0027
                 9.21490E-02 0.0031
                 7.34125E-02 0.0034
                 3.80629E-01 0.0014
                 1.02689E-01 0.0029
                 1.12385E-01 0.0027
                 9.21498E-02 0.0031
                 7.34060E-02 0.0034
                 3.80159E-01 0.0014
                 1.02623E-01 0.0029
                 1.12383E-01 0.0027
                 9.18203E-02 0.0031
                 7.33321E-02 0.0034
                 3.80141E-01 0.0014
                 1.02693E-01 0.0029
                 1.12111E-01 0.0027
                 9.18030E-02 0.0031
                 7.35337E-02 0.0034
                 3.79985E-01 0.0014
                 1.02357E-01 0.0029
                 1.12438E-01 0.0027
                 9.18472E-02 0.0031
                 7.33427E-02 0.0034
                 3.79794E-01 0.0014
                 1.02099E-01 0.0029
                 1.12146E-01 0.0027
                 9.20412E-02 0.0031
                 7.35077E-02 0.0034
                 3.85610E-01 0.0014
                 1.03510E-01 0.0030
                 1.13565E-01 0.0028
                 9.36778E-02 0.0031
                 7.48585E-02 0.0034
                 3.79252E-01 0.0014
                 1.01844E-01 0.0030
                 1.11757E-01 0.0027
                 9.19803E-02 0.0031
                 7.36708E-02 0.0034
                 3.79006E-01 0.0014
                 1.01809E-01 0.0030
                 1.11650E-01 0.0028
                 9.17903E-02 0.0031
                 7.37573E-02 0.0034
                 3.78668E-01 0.0014
                 1.01629E-01 0.0030
                 1.11713E-01 0.0028
                 9.18130E-02 0.0031
                 7.35129E-02 0.0034
                 3.79033E-01 0.0014
                 1.01640E-01 0.0030
                 1.11569E-01 0.0028
                 9.18433E-02 0.0031
                 7.39807E-02 0.0034
                 3.78551E-01 0.0014
                 1.01591E-01 0.0030
                 1.11541E-01 0.0028
                 9.17647E-02 0.0031
                 7.36541E-02 0.0034
                 3.78197E-01 0.0014
                 1.01047E-01 0.0030
                 1.11510E-01 0.0028
                 9.19537E-02 0.0031
                 7.36869E-02 0.0034
                 3.77819E-01 0.0014
                 1.01196E-01 0.0030
                 1.11470E-01 0.0028
                 9.15667E-02 0.0031
                 7.35870E-02 0.0034
                 3.77416E-01 0.0014
                 1.01121E-01 0.0030
                 1.11246E-01 0.0028
                 9.15203E-02 0.0031
                 7.35296E-02 0.0034
                 3.77625E-01 0.0014
                 1.01121E-01 0.0030
                 1.11124E-01 0.0028
                 9.17326E-02 0.0031
                 7.36476E-02 0.0034
                 3.77621E-01 0.0014
                 1.00925E-01 0.0030
                 1.11482E-01 0.0028
                 9.15750E-02 0.0031
                 7.36379E-02 0.0034
                 3.77699E-01 0.0014
                 1.00969E-01 0.0030
                 1.11593E-01 0.0028
                 9.14198E-02 0.0031
                 7.37177E-02 0.0034
                 3.77591E-01 0.0014
                 1.00979E-01 0.0030
                 1.11560E-01 0.0028
                 9.14184E-02 0.0031
                 7.36333E-02 0.0034
                 3.77802E-01 0.0014
                 1.00949E-01 0.0030
                 1.11523E-01 0.0028
                 9.16525E-02 0.0031
                 7.36782E-02 0.0034
                 3.77107E-01 0.0014
                 1.00688E-01 0.0030
                 1.11047E-01 0.0028
                 9.14438E-02 0.0031
                 7.39287E-02 0.0034
                 3.76986E-01 0.0014
                 1.00421E-01 0.0030
                 1.11351E-01 0.0028
                 9.15114E-02 0.0031
                 7.37029E-02 0.0034
                 3.76662E-01 0.0014
                 1.00278E-01 0.0030
                 1.11217E-01 0.0028
                 9.15402E-02 0.0031
                 7.36275E-02 0.0034
                 3.76491E-01 0.0014
                 1.00276E-01 0.0030
                 1.11433E-01 0.0028
                 9.14337E-02 0.0031
                 7.33478E-02 0.0034
                 3.76698E-01 0.0014
                 1.00381E-01 0.0030
                 1.11148E-01 0.0028
                 9.14811E-02 0.0031
                 7.36877E-02 0.0034
                 3.76183E-01 0.0014
                 1.00435E-01 0.0030
                 1.10994E-01 0.0028
                 9.11413E-02 0.0031
                 7.36127E-02 0.0034
                 3.75235E-01 0.0014
                 9.99301E-02 0.0030
                 1.10647E-01 0.0028
                 9.09203E-02 0.0031
                 7.37384E-02 0.0034
                 3.75004E-01 0.0014
                 9.98966E-02 0.0030
                 1.10756E-01 0.0028
                 9.09197E-02 0.0031
                 7.34316E-02 0.0034
                 3.75136E-01 0.0014
                 9.98048E-02 0.0030
                 1.10691E-01 0.0028
                 9.12117E-02 0.0031
                 7.34288E-02 0.0034
                 3.74884E-01 0.0014
                 9.97338E-02 0.0030
                 1.10484E-01 0.0028
                 9.12818E-02 0.0031
                 7.33840E-02 0.0034
                 3.73639E-01 0.0014
                 9.90399E-02 0.0030
                 1.09815E-01 0.0028
                 9.11121E-02 0.0031
                 7.36714E-02 0.0034
                 3.74118E-01 0.0014
                 9.97006E-02 0.0030
                 1.10064E-01 0.0028
                 9.10186E-02 0.0031
                 7.33355E-02 0.0034
                 3.73924E-01 0.0014
                 9.95496E-02 0.0030
                 1.10445E-01 0.0028
                 9.07613E-02 0.0031
                 7.31683E-02 0.0034
                 3.73647E-01 0.0014
                 9.93382E-02 0.0030
                 1.10198E-01 0.0028
                 9.07705E-02 0.0031
                 7.33396E-02 0.0034
                 3.73482E-01 0.0014
                 9.93617E-02 0.0030
                 1.09965E-01 0.0028
                 9.07523E-02 0.0031
                 7.34025E-02 0.0034
                 3.73160E-01 0.0014
                 9.90062E-02 0.0030
                 1.10265E-01 0.0028
                 9.05015E-02 0.0031
                 7.33877E-02 0.0034
                 3.72540E-01 0.0014
                 9.90540E-02 0.0030
                 1.10057E-01 0.0028
                 9.01647E-02 0.0031
                 7.32638E-02 0.0034
                 3.72148E-01 0.0014
                 9.89399E-02 0.0030
                 1.09628E-01 0.0028
                 9.03319E-02 0.0031
                 7.32483E-02 0.0034
                 3.72375E-01 0.0014
                 9.89331E-02 0.0030
                 1.09821E-01 0.0028
                 9.03006E-02 0.0031
                 7.33199E-02 0.0034
                 3.72034E-01 0.0014
                 9.89571E-02 0.0030
                 1.09615E-01 0.0028
                 9.00014E-02 0.0031
                 7.34599E-02 0.0034
                 3.72056E-01 0.0014
                 9.88976E-02 0.0030
                 1.09451E-01 0.0028
                 9.04218E-02 0.0031
                 7.32848E-02 0.0034
                 3.71658E-01 0.0014
                 9.86805E-02 0.0030
                 1.09311E-01 0.0028
                 9.03978E-02 0.0031
                 7.32692E-02 0.0034
                 3.71575E-01 0.0014
                 9.84323E-02 0.0030
                 1.09360E-01 0.0028
                 9.04779E-02 0.0031
                 7.33049E-02 0.0034
                 3.71735E-01 0.0014
                 9.84818E-02 0.0030
                 1.09436E-01 0.0028
                 9.04085E-02 0.0031
                 7.34089E-02 0.0034
                 3.70892E-01 0.0014
                 9.82659E-02 0.0030
                 1.09373E-01 0.0028
                 9.01531E-02 0.0031
                 7.31001E-02 0.0034
                 3.71010E-01 0.0014
                 9.81401E-02 0.0030
                 1.09251E-01 0.0028
                 9.02264E-02 0.0031
                 7.33922E-02 0.0034
                 3.70486E-01 0.0014
                 9.79347E-02 0.0030
                 1.09118E-01 0.0028
                 8.99169E-02 0.0031
                 7.35158E-02 0.0034
                 3.70538E-01 0.0014
                 9.82458E-02 0.0030
                 1.08948E-01 0.0028
                 8.98145E-02 0.0031
                 7.35294E-02 0.0034
                 3.70650E-01 0.0014
                 9.80798E-02 0.0030
                 1.09104E-01 0.0028
                 8.98694E-02 0.0031
                 7.35971E-02 0.0034
                 3.70472E-01 0.0014
                 9.79755E-02 0.0030
                 1.08951E-01 0.0028
                 8.99425E-02 0.0031
                 7.36031E-02 0.0034
                 3.70232E-01 0.0014
                 9.77429E-02 0.0030
                 1.09031E-01 0.0028
                 8.98574E-02 0.0031
                 7.36010E-02 0.0034
                 3.70001E-01 0.0014
                 9.77315E-02 0.0030
                 1.08936E-01 0.0028
                 8.96901E-02 0.0031
                 7.36434E-02 0.0034
                 3.69512E-01 0.0014
                 9.74939E-02 0.0030
                 1.08480E-01 0.0028
                 8.98374E-02 0.0031
                 7.37014E-02 0.0034
                 3.74155E-01 0.0014
                 9.83339E-02 0.0030
                 1.09896E-01 0.0028
                 9.07265E-02 0.0031
                 7.51992E-02 0.0034
                 3.69325E-01 0.0014
                 9.74602E-02 0.0030
                 1.08514E-01 0.0028
                 8.98033E-02 0.0031
                 7.35473E-02 0.0034
                 3.69049E-01 0.0014
                 9.73966E-02 0.0030
                 1.08448E-01 0.0028
                 8.97698E-02 0.0031
                 7.34346E-02 0.0034
                 3.69025E-01 0.0014
                 9.72360E-02 0.0030
                 1.08593E-01 0.0028
                 8.96699E-02 0.0031
                 7.35260E-02 0.0034
                 3.68749E-01 0.0014
                 9.72068E-02 0.0030
                 1.08439E-01 0.0028
                 8.94499E-02 0.0031
                 7.36531E-02 0.0034
                 3.68247E-01 0.0014
                 9.71273E-02 0.0030
                 1.08175E-01 0.0028
                 8.92707E-02 0.0031
                 7.36737E-02 0.0034
                 3.67994E-01 0.0014
                 9.70038E-02 0.0030
                 1.08074E-01 0.0028
                 8.94091E-02 0.0031
                 7.35070E-02 0.0034
                 3.67492E-01 0.0014
                 9.68083E-02 0.0030
                 1.07994E-01 0.0028
                 8.91180E-02 0.0031
                 7.35720E-02 0.0034
                 3.67511E-01 0.0014
                 9.68018E-02 0.0030
                 1.07774E-01 0.0028
                 8.94240E-02 0.0031
                 7.35115E-02 0.0034
                 3.67624E-01 0.0014
                 9.67280E-02 0.0030
                 1.07692E-01 0.0028
                 8.95871E-02 0.0031
                 7.36173E-02 0.0034
                 3.67399E-01 0.0014
                 9.66794E-02 0.0030
                 1.07528E-01 0.0028
                 8.96327E-02 0.0031
                 7.35590E-02 0.0034
                 3.67611E-01 0.0014
                 9.66447E-02 0.0030
                 1.07890E-01 0.0028
                 8.94554E-02 0.0031
                 7.36212E-02 0.0034
                 3.67723E-01 0.0014
                 9.65719E-02 0.0030
                 1.07844E-01 0.0028
                 8.96103E-02 0.0031
                 7.36965E-02 0.0034
                 3.67482E-01 0.0014
                 9.62807E-02 0.0030
                 1.07838E-01 0.0028
                 8.95003E-02 0.0031
                 7.38634E-02 0.0034
                 3.67199E-01 0.0014
                 9.61702E-02 0.0030
                 1.07822E-01 0.0028
                 8.94931E-02 0.0031
                 7.37145E-02 0.0034
                 3.66805E-01 0.0014
                 9.62958E-02 0.0030
                 1.07528E-01 0.0028
                 8.93522E-02 0.0031
                 7.36289E-02 0.0034
                 3.67087E-01 0.0014
                 9.64004E-02 0.0030
                 1.07319E-01 0.0028
                 8.94362E-02 0.0031
                 7.39315E-02 0.0034
                 3.66674E-01 0.0014
                 9.62252E-02 0.0030
                 1.07250E-01 0.0028
                 8.94025E-02 0.0031
                 7.37972E-02 0.0034
                 3.66421E-01 0.0014
                 9.61035E-02 0.0030
                 1.07277E-01 0.0028
                 8.92443E-02 0.0031
                 7.37956E-02 0.0034
                 3.66284E-01 0.0014
                 9.62377E-02 0.0030
                 1.07330E-01 0.0028
                 8.90992E-02 0.0031
                 7.36168E-02 0.0034
                 3.65677E-01 0.0014
                 9.61250E-02 0.0030
                 1.07022E-01 0.0028
                 8.88356E-02 0.0031
                 7.36954E-02 0.0034
                 3.65560E-01 0.0014
                 9.58295E-02 0.0030
                 1.07089E-01 0.0028
                 8.88635E-02 0.0031
                 7.37776E-02 0.0034
                 3.65190E-01 0.0014
                 9.60057E-02 0.0030
                 1.06970E-01 0.0028
                 8.86434E-02 0.0031
                 7.35708E-02 0.0034
                 3.65489E-01 0.0014
                 9.59089E-02 0.0030
                 1.06767E-01 0.0028
                 8.90807E-02 0.0031
                 7.37323E-02 0.0034
                 3.65282E-01 0.0014
                 9.58881E-02 0.0030
                 1.06529E-01 0.0028
                 8.91850E-02 0.0031
                 7.36804E-02 0.0034
                 3.64988E-01 0.0014
                 9.57486E-02 0.0030
                 1.06580E-01 0.0028
                 8.90705E-02 0.0031
                 7.35889E-02 0.0034
                 3.64805E-01 0.0014
                 9.57607E-02 0.0030
                 1.06621E-01 0.0028
                 8.89970E-02 0.0031
                 7.34261E-02 0.0034
                 3.64588E-01 0.0014
                 9.56754E-02 0.0030
                 1.06494E-01 0.0028
                 8.88261E-02 0.0031
                 7.35920E-02 0.0034
                 3.63978E-01 0.0014
                 9.57958E-02 0.0030
                 1.06264E-01 0.0028
                 8.85005E-02 0.0031
                 7.34176E-02 0.0034
                 3.64044E-01 0.0014
                 9.58374E-02 0.0030
                 1.06294E-01 0.0028
                 8.85124E-02 0.0031
                 7.33999E-02 0.0034
                 3.63847E-01 0.0014
                 9.56032E-02 0.0031
                 1.06212E-01 0.0028
                 8.86042E-02 0.0031
                 7.34276E-02 0.0034
                 3.63760E-01 0.0014
                 9.55279E-02 0.0031
                 1.06310E-01 0.0028
                 8.86009E-02 0.0031
                 7.33213E-02 0.0034
                 3.63398E-01 0.0014
                 9.52377E-02 0.0031
                 1.06355E-01 0.0028
                 8.85951E-02 0.0031
                 7.32096E-02 0.0034
                 3.63240E-01 0.0014
                 9.52344E-02 0.0031
                 1.05883E-01 0.0028
                 8.88521E-02 0.0031
                 7.32703E-02 0.0034
                 3.62806E-01 0.0014
                 9.49379E-02 0.0031
                 1.05697E-01 0.0028
                 8.86331E-02 0.0031
                 7.35378E-02 0.0034
                 3.62675E-01 0.0014
                 9.47365E-02 0.0031
                 1.05874E-01 0.0028
                 8.88393E-02 0.0031
                 7.32254E-02 0.0034
                 3.62398E-01 0.0014
                 9.46464E-02 0.0031
                 1.05825E-01 0.0028
                 8.85047E-02 0.0031
                 7.34216E-02 0.0034
                 3.61945E-01 0.0014
                 9.46195E-02 0.0031
                 1.05828E-01 0.0028
                 8.83699E-02 0.0031
                 7.31279E-02 0.0034
                 3.61429E-01 0.0014
                 9.44683E-02 0.0031
                 1.05356E-01 0.0029
                 8.83929E-02 0.0031
                 7.32118E-02 0.0034
                 3.61105E-01 0.0014
                 9.43446E-02 0.0031
                 1.05468E-01 0.0029
                 8.82027E-02 0.0031
                 7.30904E-02 0.0034
                 3.61054E-01 0.0014
                 9.44984E-02 0.0031
                 1.05408E-01 0.0029
                 8.81391E-02 0.0031
                 7.30087E-02 0.0034
                 3.60632E-01 0.0014
                 9.44465E-02 0.0031
                 1.05150E-01 0.0028
                 8.82595E-02 0.0031
                 7.27759E-02 0.0034
                 3.60459E-01 0.0014
                 9.43978E-02 0.0031
                 1.05392E-01 0.0028
                 8.79715E-02 0.0031
                 7.26975E-02 0.0034
                 3.60153E-01 0.0014
                 9.40663E-02 0.0031
                 1.05390E-01 0.0028
                 8.80087E-02 0.0031
                 7.26884E-02 0.0034
                 3.59933E-01 0.0014
                 9.41256E-02 0.0031
                 1.05305E-01 0.0028
                 8.79690E-02 0.0031
                 7.25332E-02 0.0034
                 3.59946E-01 0.0014
                 9.39952E-02 0.0031
                 1.05335E-01 0.0028
                 8.79034E-02 0.0031
                 7.27123E-02 0.0034
                 3.59961E-01 0.0014
                 9.38725E-02 0.0031
                 1.05186E-01 0.0028
                 8.78874E-02 0.0031
                 7.30153E-02 0.0034
                 3.59934E-01 0.0014
                 9.37608E-02 0.0031
                 1.05153E-01 0.0029
                 8.79688E-02 0.0031
                 7.30505E-02 0.0034
                 3.59408E-01 0.0014
                 9.37004E-02 0.0031
                 1.04922E-01 0.0029
                 8.79707E-02 0.0031
                 7.28148E-02 0.0034
                 3.59407E-01 0.0014
                 9.35685E-02 0.0031
                 1.05014E-01 0.0029
                 8.80455E-02 0.0031
                 7.27793E-02 0.0034
                 3.59177E-01 0.0014
                 9.34818E-02 0.0031
                 1.05047E-01 0.0029
                 8.79459E-02 0.0031
                 7.27028E-02 0.0034
                 3.58927E-01 0.0014
                 9.33690E-02 0.0031
                 1.04908E-01 0.0029
                 8.79398E-02 0.0031
                 7.27101E-02 0.0034
                 3.74518E-01 0.0015
                 9.47132E-02 0.0032
                 1.08393E-01 0.0029
                 9.28386E-02 0.0032
                 7.85736E-02 0.0034
                 3.58570E-01 0.0014
                 9.32540E-02 0.0031
                 1.04714E-01 0.0029
                 8.78868E-02 0.0031
                 7.27157E-02 0.0034
                 3.58532E-01 0.0014
                 9.30969E-02 0.0031
                 1.04851E-01 0.0029
                 8.78236E-02 0.0031
                 7.27603E-02 0.0034
                 3.58139E-01 0.0014
                 9.31060E-02 0.0031
                 1.04499E-01 0.0029
                 8.77689E-02 0.0031
                 7.27649E-02 0.0034
                 3.57732E-01 0.0014
                 9.29777E-02 0.0031
                 1.04397E-01 0.0029
                 8.77563E-02 0.0031
                 7.26007E-02 0.0034
                 3.57624E-01 0.0014
                 9.29568E-02 0.0031
                 1.04309E-01 0.0029
                 8.76737E-02 0.0031
                 7.26843E-02 0.0034
                 3.57397E-01 0.0014
                 9.29315E-02 0.0031
                 1.04258E-01 0.0029
                 8.75741E-02 0.0031
                 7.26333E-02 0.0034
                 3.57580E-01 0.0014
                 9.28069E-02 0.0031
                 1.04184E-01 0.0029
                 8.76008E-02 0.0031
                 7.29882E-02 0.0034
                 3.57523E-01 0.0014
                 9.28522E-02 0.0031
                 1.04078E-01 0.0029
                 8.77030E-02 0.0031
                 7.28900E-02 0.0034
                 3.57555E-01 0.0014
                 9.27562E-02 0.0031
                 1.04086E-01 0.0029
                 8.76113E-02 0.0031
                 7.31021E-02 0.0034
                 3.57198E-01 0.0014
                 9.26841E-02 0.0031
                 1.03909E-01 0.0029
                 8.75578E-02 0.0031
                 7.30478E-02 0.0034
                 3.56965E-01 0.0014
                 9.28947E-02 0.0031
                 1.03845E-01 0.0029
                 8.73129E-02 0.0031
                 7.29127E-02 0.0034
                 3.56193E-01 0.0015
                 9.26476E-02 0.0031
                 1.03411E-01 0.0029
                 8.75672E-02 0.0031
                 7.25673E-02 0.0034
                 3.56195E-01 0.0015
                 9.25435E-02 0.0031
                 1.03291E-01 0.0029
                 8.74782E-02 0.0031
                 7.28824E-02 0.0034
                 3.55977E-01 0.0015
                 9.24614E-02 0.0031
                 1.03189E-01 0.0029
                 8.71621E-02 0.0031
                 7.31638E-02 0.0034
                 3.55935E-01 0.0015
                 9.21919E-02 0.0031
                 1.03213E-01 0.0029
                 8.73273E-02 0.0031
                 7.32027E-02 0.0034
                 3.56064E-01 0.0015
                 9.24480E-02 0.0031
                 1.03000E-01 0.0029
                 8.75094E-02 0.0031
                 7.31069E-02 0.0034
                 3.55856E-01 0.0015
                 9.24767E-02 0.0031
                 1.03147E-01 0.0029
                 8.73832E-02 0.0031
                 7.28488E-02 0.0034
                 3.55917E-01 0.0015
                 9.24076E-02 0.0031
                 1.03168E-01 0.0029
                 8.75239E-02 0.0031
                 7.28173E-02 0.0034
                 3.55853E-01 0.0015
                 9.20587E-02 0.0031
                 1.03255E-01 0.0029
                 8.75209E-02 0.0031
                 7.30180E-02 0.0034
                 3.55647E-01 0.0015
                 9.20272E-02 0.0031
                 1.03317E-01 0.0029
                 8.73204E-02 0.0031
                 7.29831E-02 0.0034
                 3.55087E-01 0.0015
                 9.21742E-02 0.0031
                 1.02889E-01 0.0029
                 8.72387E-02 0.0031
                 7.27852E-02 0.0034
                 3.55039E-01 0.0015
                 9.18616E-02 0.0031
                 1.02986E-01 0.0029
                 8.74500E-02 0.0031
                 7.27419E-02 0.0034
                 3.55197E-01 0.0015
                 9.19267E-02 0.0031
                 1.02917E-01 0.0029
                 8.75931E-02 0.0031
                 7.27607E-02 0.0034
                 3.54920E-01 0.0015
                 9.17104E-02 0.0031
                 1.03015E-01 0.0029
                 8.74279E-02 0.0031
                 7.27667E-02 0.0034
                 3.54664E-01 0.0015
                 9.15731E-02 0.0031
                 1.02992E-01 0.0029
                 8.74226E-02 0.0031
                 7.26764E-02 0.0034
                 3.54380E-01 0.0015
                 9.12906E-02 0.0031
                 1.03041E-01 0.0029
                 8.73602E-02 0.0031
                 7.26887E-02 0.0034
                 3.54135E-01 0.0015
                 9.13841E-02 0.0031
                 1.02822E-01 0.0029
                 8.74586E-02 0.0031
                 7.24703E-02 0.0034
                 3.53563E-01 0.0015
                 9.11340E-02 0.0031
                 1.02580E-01 0.0029
                 8.74805E-02 0.0031
                 7.23688E-02 0.0034
                 3.53287E-01 0.0015
                 9.10366E-02 0.0031
                 1.02486E-01 0.0029
                 8.73516E-02 0.0031
                 7.24120E-02 0.0034
                 3.53016E-01 0.0015
                 9.10308E-02 0.0031
                 1.02313E-01 0.0029
                 8.72928E-02 0.0031
                 7.23797E-02 0.0034
                 3.52652E-01 0.0015
                 9.08945E-02 0.0031
                 1.02198E-01 0.0029
                 8.70675E-02 0.0031
                 7.24925E-02 0.0034
                 3.52679E-01 0.0015
                 9.07411E-02 0.0031
                 1.02194E-01 0.0029
                 8.71197E-02 0.0031
                 7.26240E-02 0.0034
                 3.52736E-01 0.0015
                 9.07919E-02 0.0031
                 1.02236E-01 0.0029
                 8.71770E-02 0.0031
                 7.25312E-02 0.0034
                 3.52293E-01 0.0015
                 9.05827E-02 0.0031
                 1.01791E-01 0.0029
                 8.73916E-02 0.0031
                 7.25272E-02 0.0034
                 3.52647E-01 0.0015
                 9.04863E-02 0.0031
                 1.02215E-01 0.0029
                 8.73368E-02 0.0031
                 7.26086E-02 0.0034
                 3.52142E-01 0.0015
                 9.04131E-02 0.0032
                 1.02146E-01 0.0029
                 8.69154E-02 0.0031
                 7.26671E-02 0.0034
                 3.52262E-01 0.0015
                 9.03783E-02 0.0031
                 1.01954E-01 0.0029
                 8.73167E-02 0.0031
                 7.26130E-02 0.0034
                 3.51834E-01 0.0015
                 9.04028E-02 0.0031
                 1.01889E-01 0.0029
                 8.71877E-02 0.0031
                 7.23546E-02 0.0034
                 3.51674E-01 0.0015
                 9.05548E-02 0.0031
                 1.01758E-01 0.0029
                 8.69697E-02 0.0031
                 7.23918E-02 0.0034
                 3.51569E-01 0.0015
                 9.05303E-02 0.0032
                 1.01549E-01 0.0029
                 8.70447E-02 0.0031
                 7.24458E-02 0.0034
                 3.50794E-01 0.0015
                 9.03030E-02 0.0032
                 1.01453E-01 0.0029
                 8.68770E-02 0.0031
                 7.21610E-02 0.0035
                 3.51151E-01 0.0015
                 9.03826E-02 0.0032
                 1.01664E-01 0.0029
                 8.69454E-02 0.0031
                 7.21590E-02 0.0035
                 3.50806E-01 0.0015
                 9.03214E-02 0.0032
                 1.01462E-01 0.0029
                 8.69959E-02 0.0031
                 7.20265E-02 0.0035
                 3.50870E-01 0.0015
                 9.02024E-02 0.0032
                 1.01372E-01 0.0029
                 8.69665E-02 0.0031
                 7.23288E-02 0.0035
                 3.50467E-01 0.0015
                 8.98702E-02 0.0032
                 1.01260E-01 0.0029
                 8.70100E-02 0.0031
                 7.23276E-02 0.0035
                 3.50229E-01 0.0015
                 8.97720E-02 0.0032
                 1.01329E-01 0.0029
                 8.69373E-02 0.0032
                 7.21914E-02 0.0035
                 3.50228E-01 0.0015
                 9.00255E-02 0.0032
                 1.01096E-01 0.0029
                 8.68540E-02 0.0032
                 7.22524E-02 0.0035
                 3.50252E-01 0.0015
                 9.00928E-02 0.0032
                 1.01317E-01 0.0029
                 8.65439E-02 0.0032
                 7.22978E-02 0.0035
                 3.49545E-01 0.0015
                 8.95695E-02 0.0032
                 1.01168E-01 0.0029
                 8.64427E-02 0.0032
                 7.23652E-02 0.0035
                 3.49440E-01 0.0015
                 8.94187E-02 0.0032
                 1.01241E-01 0.0029
                 8.63531E-02 0.0032
                 7.24275E-02 0.0035
                 3.49724E-01 0.0015
                 8.96117E-02 0.0032
                 1.01263E-01 0.0029
                 8.66516E-02 0.0032
                 7.21980E-02 0.0035
                 3.49490E-01 0.0015
                 8.94048E-02 0.0032
                 1.01328E-01 0.0029
                 8.65222E-02 0.0032
                 7.22348E-02 0.0035
                 3.48922E-01 0.0015
                 8.94538E-02 0.0032
                 1.01196E-01 0.0029
                 8.62683E-02 0.0032
                 7.20043E-02 0.0035
                 3.48874E-01 0.0015
                 8.92161E-02 0.0032
                 1.00991E-01 0.0029
                 8.63822E-02 0.0032
                 7.22848E-02 0.0034
                 3.48284E-01 0.0015
                 8.91781E-02 0.0032
                 1.01022E-01 0.0029
                 8.60260E-02 0.0032
                 7.20577E-02 0.0035
                 3.48602E-01 0.0015
                 8.90622E-02 0.0032
                 1.01122E-01 0.0029
                 8.61614E-02 0.0032
                 7.22557E-02 0.0034
                 3.48963E-01 0.0015
                 8.92891E-02 0.0032
                 1.00956E-01 0.0029
                 8.63136E-02 0.0032
                 7.24044E-02 0.0034
                 3.48375E-01 0.0015
                 8.92253E-02 0.0032
                 1.00683E-01 0.0029
                 8.60453E-02 0.0032
                 7.24214E-02 0.0034
                 3.48234E-01 0.0015
                 8.88491E-02 0.0032
                 1.00833E-01 0.0029
                 8.62349E-02 0.0032
                 7.23171E-02 0.0035
                 3.47983E-01 0.0015
                 8.89349E-02 0.0032
                 1.00667E-01 0.0029
                 8.62928E-02 0.0032
                 7.20891E-02 0.0035
                 3.47740E-01 0.0015
                 8.87617E-02 0.0032
                 1.00607E-01 0.0029
                 8.63110E-02 0.0032
                 7.20606E-02 0.0035
                 3.47749E-01 0.0015
                 8.86344E-02 0.0032
                 1.00537E-01 0.0029
                 8.64045E-02 0.0032
                 7.21731E-02 0.0035
                 3.47360E-01 0.0015
                 8.83549E-02 0.0032
                 1.00662E-01 0.0029
                 8.61895E-02 0.0032
                 7.21537E-02 0.0034
                 3.47552E-01 0.0015
                 8.85433E-02 0.0032
                 1.00781E-01 0.0029
                 8.61984E-02 0.0032
                 7.20289E-02 0.0034
                 3.47172E-01 0.0015
                 8.84622E-02 0.0032
                 1.00511E-01 0.0029
                 8.61760E-02 0.0032
                 7.20222E-02 0.0034
                 3.47211E-01 0.0015
                 8.84571E-02 0.0032
                 1.00346E-01 0.0029
                 8.59476E-02 0.0032
                 7.24600E-02 0.0034
                 3.47004E-01 0.0015
                 8.84195E-02 0.0032
                 1.00150E-01 0.0029
                 8.60987E-02 0.0032
                 7.23367E-02 0.0035
                 3.46662E-01 0.0015
                 8.81945E-02 0.0032
                 1.00210E-01 0.0029
                 8.58645E-02 0.0032
                 7.23926E-02 0.0035
                 3.46315E-01 0.0015
                 8.80100E-02 0.0032
                 1.00144E-01 0.0029
                 8.59968E-02 0.0032
                 7.21641E-02 0.0035
                 3.46368E-01 0.0015
                 8.79822E-02 0.0032
                 1.00193E-01 0.0029
                 8.59950E-02 0.0032
                 7.21975E-02 0.0034
                 3.46537E-01 0.0015
                 8.82023E-02 0.0032
                 1.00046E-01 0.0029
                 8.60056E-02 0.0032
                 7.22829E-02 0.0035
                 3.46267E-01 0.0015
                 8.82047E-02 0.0032
                 1.00198E-01 0.0029
                 8.57461E-02 0.0032
                 7.21176E-02 0.0034
                 3.45905E-01 0.0015
                 8.83293E-02 0.0032
                 9.99271E-02 0.0029
                 8.54721E-02 0.0032
                 7.21763E-02 0.0034
                 3.45378E-01 0.0015
                 8.79777E-02 0.0032
                 9.98814E-02 0.0029
                 8.55845E-02 0.0032
                 7.19340E-02 0.0034
                 3.45486E-01 0.0015
                 8.79873E-02 0.0032
                 9.98713E-02 0.0029
                 8.57987E-02 0.0032
                 7.18284E-02 0.0035
                 3.45413E-01 0.0015
                 8.78542E-02 0.0032
                 9.99093E-02 0.0029
                 8.58807E-02 0.0032
                 7.17692E-02 0.0035
                 3.45543E-01 0.0015
                 8.80927E-02 0.0032
                 9.99094E-02 0.0029
                 8.59082E-02 0.0032
                 7.16327E-02 0.0035
                 3.45737E-01 0.0015
                 8.82065E-02 0.0032
                 9.97127E-02 0.0029
                 8.59113E-02 0.0032
                 7.19060E-02 0.0035
                 3.45231E-01 0.0015
                 8.78188E-02 0.0032
                 9.96221E-02 0.0029
                 8.56665E-02 0.0032
                 7.21235E-02 0.0035
                 3.45161E-01 0.0015
                 8.77202E-02 0.0032
                 9.97223E-02 0.0029
                 8.55606E-02 0.0032
                 7.21584E-02 0.0035
                 3.44474E-01 0.0015
                 8.76720E-02 0.0032
                 9.93349E-02 0.0029
                 8.55322E-02 0.0032
                 7.19345E-02 0.0035
                 3.44163E-01 0.0015
                 8.77339E-02 0.0032
                 9.92276E-02 0.0029
                 8.52431E-02 0.0032
                 7.19583E-02 0.0035
                 3.44211E-01 0.0015
                 8.77474E-02 0.0032
                 9.90933E-02 0.0029
                 8.53066E-02 0.0032
                 7.20638E-02 0.0035
                 3.44087E-01 0.0015
                 8.76213E-02 0.0032
                 9.90435E-02 0.0029
                 8.54427E-02 0.0032
                 7.19799E-02 0.0035
                 3.43434E-01 0.0015
                 8.75475E-02 0.0032
                 9.88594E-02 0.0029
                 8.52064E-02 0.0032
                 7.18210E-02 0.0035
                 3.64792E-01 0.0516
                 8.87357E-02 0.1145
                 1.08353E-01 0.0968
                 8.27553E-02 0.1039
                 8.49486E-02 0.1260
                 3.43324E-01 0.0015
                 8.71982E-02 0.0032
                 9.90443E-02 0.0029
                 8.51974E-02 0.0032
                 7.18840E-02 0.0035
                 3.43321E-01 0.0015
                 8.71799E-02 0.0032
                 9.89919E-02 0.0029
                 8.51716E-02 0.0032
                 7.19776E-02 0.0035
                 3.43100E-01 0.0015
                 8.71701E-02 0.0032
                 9.90421E-02 0.0029
                 8.49515E-02 0.0032
                 7.19364E-02 0.0035
                 3.43014E-01 0.0015
                 8.69231E-02 0.0032
                 9.89364E-02 0.0029
                 8.50490E-02 0.0032
                 7.21052E-02 0.0034
                 3.46642E-01 0.0015
                 8.73486E-02 0.0032
                 9.99892E-02 0.0030
                 8.64055E-02 0.0032
                 7.28992E-02 0.0034
                 3.41976E-01 0.0015
                 8.66233E-02 0.0032
                 9.88344E-02 0.0029
                 8.49986E-02 0.0032
                 7.15194E-02 0.0035
                 3.41821E-01 0.0015
                 8.66955E-02 0.0032
                 9.84275E-02 0.0029
                 8.49181E-02 0.0032
                 7.17800E-02 0.0035
                 3.41953E-01 0.0015
                 8.65785E-02 0.0032
                 9.85633E-02 0.0029
                 8.49334E-02 0.0032
                 7.18779E-02 0.0035
                 3.41994E-01 0.0015
                 8.67142E-02 0.0032
                 9.85837E-02 0.0029
                 8.48611E-02 0.0032
                 7.18346E-02 0.0035
                 3.42158E-01 0.0015
                 8.67290E-02 0.0032
                 9.84833E-02 0.0029
                 8.49552E-02 0.0032
                 7.19906E-02 0.0035
                 3.41967E-01 0.0015
                 8.67931E-02 0.0032
                 9.85046E-02 0.0029
                 8.50758E-02 0.0032
                 7.15939E-02 0.0035
                 3.41705E-01 0.0015
                 8.65556E-02 0.0032
                 9.83456E-02 0.0029
                 8.50733E-02 0.0032
                 7.17304E-02 0.0035
                 3.41493E-01 0.0015
                 8.63815E-02 0.0032
                 9.81865E-02 0.0030
                 8.50557E-02 0.0032
                 7.18695E-02 0.0035
                 3.41409E-01 0.0015
                 8.63545E-02 0.0032
                 9.82463E-02 0.0030
                 8.50389E-02 0.0032
                 7.17688E-02 0.0035
                 3.41569E-01 0.0015
                 8.62553E-02 0.0032
                 9.84178E-02 0.0029
                 8.51397E-02 0.0032
                 7.17563E-02 0.0035
                 3.40885E-01 0.0015
                 8.58941E-02 0.0032
                 9.83231E-02 0.0030
                 8.50785E-02 0.0032
                 7.15889E-02 0.0035
                 3.40670E-01 0.0015
                 8.58287E-02 0.0032
                 9.82545E-02 0.0030
                 8.51312E-02 0.0032
                 7.14553E-02 0.0035
                 3.40495E-01 0.0015
                 8.56294E-02 0.0032
                 9.82999E-02 0.0030
                 8.50353E-02 0.0032
                 7.15306E-02 0.0035
                 3.40127E-01 0.0015
                 8.57372E-02 0.0032
                 9.80041E-02 0.0030
                 8.49693E-02 0.0032
                 7.14170E-02 0.0035
                 3.40175E-01 0.0015
                 8.58363E-02 0.0032
                 9.82057E-02 0.0030
                 8.47319E-02 0.0032
                 7.14008E-02 0.0035
                 3.40236E-01 0.0015
                 8.57797E-02 0.0032
                 9.84314E-02 0.0030
                 8.46523E-02 0.0032
                 7.13729E-02 0.0035
                 3.40228E-01 0.0015
                 8.58388E-02 0.0032
                 9.80220E-02 0.0030
                 8.48264E-02 0.0032
                 7.15409E-02 0.0035
                 3.39440E-01 0.0015
                 8.55848E-02 0.0032
                 9.77966E-02 0.0030
                 8.47782E-02 0.0032
                 7.12807E-02 0.0035
                 3.39488E-01 0.0015
                 8.57207E-02 0.0032
                 9.77640E-02 0.0030
                 8.48196E-02 0.0032
                 7.11839E-02 0.0035
                 3.39567E-01 0.0015
                 8.57262E-02 0.0032
                 9.75937E-02 0.0030
                 8.47779E-02 0.0032
                 7.14693E-02 0.0035
                 3.39334E-01 0.0015
                 8.56647E-02 0.0032
                 9.75400E-02 0.0030
                 8.46975E-02 0.0032
                 7.14317E-02 0.0035
                 3.39169E-01 0.0015
                 8.53651E-02 0.0032
                 9.76873E-02 0.0030
                 8.46784E-02 0.0032
                 7.14382E-02 0.0035
                 3.39087E-01 0.0015
                 8.50094E-02 0.0032
                 9.78250E-02 0.0030
                 8.46416E-02 0.0032
                 7.16113E-02 0.0035
                 3.38807E-01 0.0015
                 8.49754E-02 0.0033
                 9.74959E-02 0.0030
                 8.47571E-02 0.0032
                 7.15789E-02 0.0035
                 3.38238E-01 0.0015
                 8.48836E-02 0.0033
                 9.73242E-02 0.0030
                 8.45092E-02 0.0032
                 7.15210E-02 0.0035
                 3.37948E-01 0.0015
                 8.49485E-02 0.0033
                 9.73156E-02 0.0030
                 8.43198E-02 0.0032
                 7.13644E-02 0.0035
                 3.38027E-01 0.0015
                 8.50619E-02 0.0033
                 9.73965E-02 0.0030
                 8.42629E-02 0.0032
                 7.13059E-02 0.0035
                 3.37975E-01 0.0015
                 8.47202E-02 0.0033
                 9.72443E-02 0.0030
                 8.44961E-02 0.0032
                 7.15140E-02 0.0035
                 3.37765E-01 0.0015
                 8.49279E-02 0.0033
                 9.71537E-02 0.0030
                 8.43428E-02 0.0032
                 7.13401E-02 0.0035
                 3.37652E-01 0.0015
                 8.49169E-02 0.0033
                 9.70153E-02 0.0030
                 8.44771E-02 0.0032
                 7.12430E-02 0.0035
                 3.37471E-01 0.0015
                 8.48563E-02 0.0033
                 9.70258E-02 0.0030
                 8.42595E-02 0.0032
                 7.13297E-02 0.0035
                 3.37441E-01 0.0015
                 8.48174E-02 0.0033
                 9.70222E-02 0.0030
                 8.41985E-02 0.0032
                 7.14032E-02 0.0035
                 3.37040E-01 0.0015
                 8.47294E-02 0.0033
                 9.69283E-02 0.0030
                 8.39405E-02 0.0032
                 7.14416E-02 0.0035
                 3.36985E-01 0.0015
                 8.46413E-02 0.0033
                 9.69244E-02 0.0030
                 8.39896E-02 0.0032
                 7.14301E-02 0.0035
                 3.36362E-01 0.0015
                 8.45411E-02 0.0033
                 9.65177E-02 0.0030
                 8.39617E-02 0.0032
                 7.13420E-02 0.0035
                 3.36423E-01 0.0015
                 8.45843E-02 0.0033
                 9.65296E-02 0.0030
                 8.39697E-02 0.0032
                 7.13394E-02 0.0035
                 3.35878E-01 0.0015
                 8.45847E-02 0.0033
                 9.62768E-02 0.0030
                 8.37581E-02 0.0032
                 7.12585E-02 0.0035
                 3.35902E-01 0.0015
                 8.46453E-02 0.0033
                 9.62618E-02 0.0030
                 8.37875E-02 0.0032
                 7.12074E-02 0.0035
                 3.47301E-01 0.0016
                 8.53904E-02 0.0034
                 9.85554E-02 0.0031
                 8.73246E-02 0.0033
                 7.60302E-02 0.0035
                 3.35277E-01 0.0015
                 8.42021E-02 0.0033
                 9.61730E-02 0.0030
                 8.37000E-02 0.0032
                 7.12018E-02 0.0035
                 3.35597E-01 0.0015
                 8.45106E-02 0.0033
                 9.59293E-02 0.0030
                 8.39440E-02 0.0032
                 7.12129E-02 0.0035
                 3.35466E-01 0.0015
                 8.42600E-02 0.0033
                 9.60212E-02 0.0030
                 8.43131E-02 0.0032
                 7.08717E-02 0.0035
                 3.35369E-01 0.0015
                 8.40873E-02 0.0033
                 9.61816E-02 0.0030
                 8.39479E-02 0.0032
                 7.11519E-02 0.0035
                 3.34934E-01 0.0015
                 8.38936E-02 0.0033
                 9.59628E-02 0.0030
                 8.40248E-02 0.0032
                 7.10526E-02 0.0035
                 3.39309E-01 0.0015
                 8.46297E-02 0.0033
                 9.69815E-02 0.0030
                 8.49715E-02 0.0032
                 7.27267E-02 0.0035
                 3.35076E-01 0.0015
                 8.37039E-02 0.0033
                 9.60180E-02 0.0030
                 8.40110E-02 0.0032
                 7.13435E-02 0.0035
                 3.34817E-01 0.0015
                 8.37638E-02 0.0033
                 9.59678E-02 0.0030
                 8.39221E-02 0.0032
                 7.11630E-02 0.0035
                 3.34899E-01 0.0015
                 8.35106E-02 0.0033
                 9.59800E-02 0.0030
                 8.40665E-02 0.0032
                 7.13417E-02 0.0035
                 3.34748E-01 0.0015
                 8.36445E-02 0.0033
                 9.57538E-02 0.0030
                 8.41086E-02 0.0032
                 7.12414E-02 0.0035
                 3.34197E-01 0.0015
                 8.36112E-02 0.0033
                 9.55837E-02 0.0030
                 8.38821E-02 0.0032
                 7.11203E-02 0.0035
                 3.34180E-01 0.0015
                 8.35663E-02 0.0033
                 9.56063E-02 0.0030
                 8.37358E-02 0.0032
                 7.12717E-02 0.0035
                 3.33926E-01 0.0015
                 8.34707E-02 0.0033
                 9.55639E-02 0.0030
                 8.36531E-02 0.0032
                 7.12380E-02 0.0035
                 3.33643E-01 0.0015
                 8.34999E-02 0.0033
                 9.54575E-02 0.0030
                 8.34578E-02 0.0032
                 7.12279E-02 0.0035
                 3.33478E-01 0.0015
                 8.32568E-02 0.0033
                 9.54789E-02 0.0030
                 8.35916E-02 0.0032
                 7.11509E-02 0.0035
                 3.33519E-01 0.0015
                 8.34693E-02 0.0033
                 9.56402E-02 0.0030
                 8.33555E-02 0.0032
                 7.10541E-02 0.0035
                 3.32986E-01 0.0015
                 8.34118E-02 0.0033
                 9.55409E-02 0.0030
                 8.31703E-02 0.0032
                 7.08633E-02 0.0035
                 3.32880E-01 0.0015
                 8.34025E-02 0.0033
                 9.53015E-02 0.0030
                 8.32769E-02 0.0032
                 7.08992E-02 0.0035
                 3.32786E-01 0.0015
                 8.31822E-02 0.0033
                 9.54103E-02 0.0030
                 8.33062E-02 0.0032
                 7.08875E-02 0.0035
                 3.32670E-01 0.0015
                 8.32245E-02 0.0033
                 9.52550E-02 0.0030
                 8.32198E-02 0.0032
                 7.09712E-02 0.0035
                 3.32904E-01 0.0015
                 8.32281E-02 0.0033
                 9.52677E-02 0.0030
                 8.33259E-02 0.0032
                 7.10824E-02 0.0035
                 3.32935E-01 0.0015
                 8.30089E-02 0.0033
                 9.56003E-02 0.0030
                 8.32043E-02 0.0032
                 7.11219E-02 0.0035
                 3.32773E-01 0.0015
                 8.32925E-02 0.0033
                 9.52485E-02 0.0030
                 8.31117E-02 0.0032
                 7.11203E-02 0.0035
                 3.32621E-01 0.0015
                 8.31011E-02 0.0033
                 9.52710E-02 0.0030
                 8.31931E-02 0.0032
                 7.10557E-02 0.0035
                 3.32277E-01 0.0015
                 8.29756E-02 0.0033
                 9.51948E-02 0.0030
                 8.32585E-02 0.0032
                 7.08485E-02 0.0035
                 3.31685E-01 0.0015
                 8.26107E-02 0.0033
                 9.53169E-02 0.0030
                 8.28477E-02 0.0032
                 7.09099E-02 0.0035
                 3.30544E-01 0.0015
                 8.19802E-02 0.0033
                 9.46744E-02 0.0030
                 8.28625E-02 0.0032
                 7.10267E-02 0.0035
                 3.31851E-01 0.0015
                 8.27119E-02 0.0033
                 9.51915E-02 0.0030
                 8.30093E-02 0.0032
                 7.09382E-02 0.0035
                 3.31854E-01 0.0015
                 8.27805E-02 0.0033
                 9.52108E-02 0.0030
                 8.27364E-02 0.0032
                 7.11260E-02 0.0035
                 3.31665E-01 0.0015
                 8.26004E-02 0.0033
                 9.52921E-02 0.0030
                 8.26243E-02 0.0032
                 7.11478E-02 0.0035
                 3.31236E-01 0.0015
                 8.24932E-02 0.0033
                 9.48614E-02 0.0030
                 8.27216E-02 0.0032
                 7.11602E-02 0.0035
                 3.31202E-01 0.0015
                 8.24597E-02 0.0033
                 9.48811E-02 0.0030
                 8.28163E-02 0.0032
                 7.10453E-02 0.0035
                 3.30716E-01 0.0015
                 8.25427E-02 0.0033
                 9.46345E-02 0.0030
                 8.24357E-02 0.0032
                 7.11033E-02 0.0035
                 3.30395E-01 0.0015
                 8.23229E-02 0.0033
                 9.47583E-02 0.0030
                 8.22811E-02 0.0032
                 7.10324E-02 0.0035
                 3.30455E-01 0.0015
                 8.22244E-02 0.0033
                 9.48195E-02 0.0030
                 8.22993E-02 0.0032
                 7.11118E-02 0.0035
                 3.30246E-01 0.0015
                 8.22906E-02 0.0033
                 9.46548E-02 0.0030
                 8.23488E-02 0.0032
                 7.09520E-02 0.0035
                 3.30657E-01 0.0015
                 8.21100E-02 0.0033
                 9.48965E-02 0.0030
                 8.24820E-02 0.0032
                 7.11688E-02 0.0035
                 3.30267E-01 0.0015
                 8.18380E-02 0.0033
                 9.47095E-02 0.0030
                 8.26509E-02 0.0032
                 7.10684E-02 0.0035
                 3.30236E-01 0.0015
                 8.19363E-02 0.0033
                 9.47620E-02 0.0030
                 8.24770E-02 0.0032
                 7.10605E-02 0.0035
                 3.30681E-01 0.0015
                 8.21979E-02 0.0033
                 9.47488E-02 0.0030
                 8.27522E-02 0.0032
                 7.09826E-02 0.0035
                 3.30305E-01 0.0015
                 8.20292E-02 0.0033
                 9.46432E-02 0.0030
                 8.26990E-02 0.0032
                 7.09341E-02 0.0035
                 3.29952E-01 0.0015
                 8.18859E-02 0.0033
                 9.47287E-02 0.0030
                 8.23773E-02 0.0032
                 7.09603E-02 0.0035
                 3.29749E-01 0.0015
                 8.17035E-02 0.0033
                 9.47492E-02 0.0030
                 8.24704E-02 0.0032
                 7.08255E-02 0.0035
                 3.29086E-01 0.0015
                 8.13868E-02 0.0033
                 9.45065E-02 0.0030
                 8.23281E-02 0.0032
                 7.08642E-02 0.0035
                 3.29121E-01 0.0015
                 8.15760E-02 0.0033
                 9.45050E-02 0.0030
                 8.22160E-02 0.0032
                 7.08241E-02 0.0035
                 3.28917E-01 0.0015
                 8.14454E-02 0.0033
                 9.42834E-02 0.0030
                 8.23339E-02 0.0032
                 7.08544E-02 0.0035
                 3.29140E-01 0.0015
                 8.14880E-02 0.0033
                 9.42769E-02 0.0030
                 8.24656E-02 0.0032
                 7.09098E-02 0.0035
                 3.28849E-01 0.0015
                 8.13443E-02 0.0033
                 9.40291E-02 0.0030
                 8.24070E-02 0.0032
                 7.10688E-02 0.0035
                 3.29114E-01 0.0015
                 8.14625E-02 0.0033
                 9.41461E-02 0.0030
                 8.23899E-02 0.0032
                 7.11154E-02 0.0035
                 3.28523E-01 0.0015
                 8.12665E-02 0.0033
                 9.40228E-02 0.0030
                 8.22332E-02 0.0032
                 7.10010E-02 0.0035
                 3.28307E-01 0.0015
                 8.10988E-02 0.0033
                 9.37286E-02 0.0030
                 8.24797E-02 0.0032
                 7.09996E-02 0.0035
                 3.28001E-01 0.0015
                 8.09092E-02 0.0033
                 9.37715E-02 0.0030
                 8.23910E-02 0.0032
                 7.09293E-02 0.0035
                 3.27957E-01 0.0015
                 8.09811E-02 0.0033
                 9.37632E-02 0.0030
                 8.23508E-02 0.0032
                 7.08618E-02 0.0035
                 3.27659E-01 0.0015
                 8.08744E-02 0.0033
                 9.36951E-02 0.0030
                 8.22616E-02 0.0032
                 7.08274E-02 0.0035
                 3.27522E-01 0.0015
                 8.08106E-02 0.0033
                 9.34877E-02 0.0030
                 8.22875E-02 0.0032
                 7.09361E-02 0.0035
                 3.27231E-01 0.0015
                 8.07827E-02 0.0033
                 9.33213E-02 0.0030
                 8.21425E-02 0.0032
                 7.09842E-02 0.0035
                 3.27297E-01 0.0015
                 8.07288E-02 0.0033
                 9.33149E-02 0.0030
                 8.23153E-02 0.0032
                 7.09378E-02 0.0035
                 3.26946E-01 0.0015
                 8.08438E-02 0.0033
                 9.32802E-02 0.0030
                 8.19977E-02 0.0032
                 7.08241E-02 0.0035
                 3.26581E-01 0.0015
                 8.06895E-02 0.0033
                 9.32222E-02 0.0030
                 8.20222E-02 0.0032
                 7.06471E-02 0.0035
                 3.26672E-01 0.0015
                 8.07348E-02 0.0033
                 9.31236E-02 0.0030
                 8.21038E-02 0.0032
                 7.07097E-02 0.0035
                 3.26561E-01 0.0015
                 8.06040E-02 0.0033
                 9.30742E-02 0.0030
                 8.21164E-02 0.0032
                 7.07663E-02 0.0035
                 3.26717E-01 0.0015
                 8.05995E-02 0.0033
                 9.31539E-02 0.0030
                 8.22346E-02 0.0032
                 7.07290E-02 0.0035
                 3.26547E-01 0.0015
                 8.07018E-02 0.0033
                 9.31459E-02 0.0030
                 8.21845E-02 0.0032
                 7.05143E-02 0.0035
                 3.25930E-01 0.0015
                 8.04720E-02 0.0033
                 9.30209E-02 0.0030
                 8.18722E-02 0.0032
                 7.05644E-02 0.0035
                 3.25968E-01 0.0015
                 8.06394E-02 0.0033
                 9.28476E-02 0.0030
                 8.19039E-02 0.0032
                 7.05766E-02 0.0035
                 3.26282E-01 0.0015
                 8.08630E-02 0.0033
                 9.31304E-02 0.0030
                 8.17007E-02 0.0032
                 7.05883E-02 0.0035
                 3.25444E-01 0.0015
                 8.06284E-02 0.0033
                 9.29576E-02 0.0030
                 8.16020E-02 0.0033
                 7.02559E-02 0.0035
                 3.24941E-01 0.0015
                 8.03621E-02 0.0033
                 9.27420E-02 0.0030
                 8.15799E-02 0.0033
                 7.02571E-02 0.0035
                 3.25307E-01 0.0015
                 8.03713E-02 0.0033
                 9.32435E-02 0.0030
                 8.15879E-02 0.0033
                 7.01043E-02 0.0035
                 3.25650E-01 0.0015
                 8.04123E-02 0.0033
                 9.31062E-02 0.0030
                 8.18226E-02 0.0033
                 7.03088E-02 0.0035
                 3.25271E-01 0.0015
                 8.03299E-02 0.0034
                 9.29978E-02 0.0030
                 8.16192E-02 0.0033
                 7.03237E-02 0.0035
                 3.24627E-01 0.0015
                 8.01864E-02 0.0034
                 9.28112E-02 0.0030
                 8.16062E-02 0.0033
                 7.00231E-02 0.0035
                 3.24562E-01 0.0016
                 8.02928E-02 0.0034
                 9.27348E-02 0.0030
                 8.13690E-02 0.0033
                 7.01654E-02 0.0035
                 3.24713E-01 0.0016
                 8.02523E-02 0.0034
                 9.27411E-02 0.0030
                 8.13996E-02 0.0033
                 7.03203E-02 0.0035
                 3.24446E-01 0.0016
                 7.99556E-02 0.0034
                 9.29726E-02 0.0030
                 8.13608E-02 0.0033
                 7.01566E-02 0.0035
                 3.24327E-01 0.0016
                 7.99709E-02 0.0034
                 9.30011E-02 0.0030
                 8.12771E-02 0.0033
                 7.00779E-02 0.0035
                 3.24157E-01 0.0016
                 7.99055E-02 0.0034
                 9.29058E-02 0.0030
                 8.13588E-02 0.0033
                 6.99870E-02 0.0035
                 3.23888E-01 0.0016
                 7.97713E-02 0.0034
                 9.28130E-02 0.0031
                 8.11880E-02 0.0033
                 7.01153E-02 0.0035
                 3.23531E-01 0.0016
                 7.97191E-02 0.0034
                 9.25310E-02 0.0031
                 8.09859E-02 0.0033
                 7.02952E-02 0.0035
                 3.23235E-01 0.0016
                 7.96521E-02 0.0034
                 9.23458E-02 0.0031
                 8.11526E-02 0.0033
                 7.00848E-02 0.0035
                 3.23113E-01 0.0016
                 7.95150E-02 0.0034
                 9.24343E-02 0.0031
                 8.09624E-02 0.0033
                 7.02010E-02 0.0035
                 3.23047E-01 0.0016
                 7.94960E-02 0.0034
                 9.23330E-02 0.0031
                 8.11069E-02 0.0033
                 7.01114E-02 0.0035
                 3.22593E-01 0.0016
                 7.92396E-02 0.0034
                 9.22794E-02 0.0031
                 8.10832E-02 0.0033
                 6.99906E-02 0.0035
                 3.22925E-01 0.0016
                 7.94386E-02 0.0034
                 9.22120E-02 0.0031
                 8.11017E-02 0.0033
                 7.01728E-02 0.0035
                 3.22775E-01 0.0016
                 7.93340E-02 0.0034
                 9.21427E-02 0.0031
                 8.11422E-02 0.0033
                 7.01558E-02 0.0035
                 3.22586E-01 0.0016
                 7.93865E-02 0.0034
                 9.21345E-02 0.0031
                 8.09768E-02 0.0033
                 7.00881E-02 0.0035
                 3.22493E-01 0.0016
                 7.91914E-02 0.0034
                 9.20562E-02 0.0031
                 8.12550E-02 0.0033
                 6.99907E-02 0.0035
                 3.22287E-01 0.0016
                 7.90544E-02 0.0034
                 9.20513E-02 0.0031
                 8.10416E-02 0.0033
                 7.01393E-02 0.0035
                 3.22318E-01 0.0016
                 7.92604E-02 0.0034
                 9.20182E-02 0.0031
                 8.09871E-02 0.0033
                 7.00528E-02 0.0035
                 3.22036E-01 0.0016
                 7.92367E-02 0.0034
                 9.19637E-02 0.0031
                 8.09126E-02 0.0033
                 6.99229E-02 0.0035
                 3.21664E-01 0.0016
                 7.89554E-02 0.0034
                 9.17243E-02 0.0031
                 8.09089E-02 0.0033
                 7.00759E-02 0.0035
                 3.22010E-01 0.0016
                 7.91696E-02 0.0034
                 9.18114E-02 0.0031
                 8.09841E-02 0.0033
                 7.00445E-02 0.0035
                 3.22236E-01 0.0016
                 7.91606E-02 0.0034
                 9.19876E-02 0.0031
                 8.08411E-02 0.0033
                 7.02470E-02 0.0035
                 3.22006E-01 0.0016
                 7.91445E-02 0.0034
                 9.17541E-02 0.0031
                 8.08747E-02 0.0033
                 7.02326E-02 0.0035
                 3.22264E-01 0.0016
                 7.92286E-02 0.0034
                 9.19026E-02 0.0031
                 8.08201E-02 0.0033
                 7.03124E-02 0.0035
                 3.21667E-01 0.0016
                 7.90670E-02 0.0034
                 9.14487E-02 0.0031
                 8.07380E-02 0.0033
                 7.04135E-02 0.0035
                 3.21672E-01 0.0016
                 7.89978E-02 0.0034
                 9.14877E-02 0.0031
                 8.08005E-02 0.0033
                 7.03863E-02 0.0035
                 3.21596E-01 0.0016
                 7.90183E-02 0.0034
                 9.14326E-02 0.0031
                 8.07141E-02 0.0033
                 7.04308E-02 0.0035
                 3.21639E-01 0.0016
                 7.88880E-02 0.0034
                 9.15081E-02 0.0031
                 8.10159E-02 0.0033
                 7.02266E-02 0.0035
                 3.21418E-01 0.0016
                 7.88193E-02 0.0034
                 9.15932E-02 0.0031
                 8.06581E-02 0.0033
                 7.03477E-02 0.0035
                 3.21554E-01 0.0016
                 7.89739E-02 0.0034
                 9.15441E-02 0.0031
                 8.07288E-02 0.0033
                 7.03068E-02 0.0035
                 3.21588E-01 0.0016
                 7.89038E-02 0.0034
                 9.15663E-02 0.0031
                 8.07934E-02 0.0033
                 7.03244E-02 0.0035
                 3.21294E-01 0.0016
                 7.87192E-02 0.0034
                 9.15994E-02 0.0031
                 8.08036E-02 0.0033
                 7.01722E-02 0.0035
                 3.21044E-01 0.0016
                 7.85650E-02 0.0034
                 9.15888E-02 0.0031
                 8.06360E-02 0.0033
                 7.02546E-02 0.0035
                 3.21326E-01 0.0016
                 7.87736E-02 0.0034
                 9.15193E-02 0.0031
                 8.07094E-02 0.0033
                 7.03237E-02 0.0035
                 3.20645E-01 0.0016
                 7.86727E-02 0.0034
                 9.13312E-02 0.0031
                 8.05734E-02 0.0033
                 7.00673E-02 0.0035
                 3.24798E-01 0.0016
                 7.90868E-02 0.0034
                 9.23249E-02 0.0031
                 8.18649E-02 0.0033
                 7.15214E-02 0.0035
                 3.20159E-01 0.0016
                 7.83515E-02 0.0034
                 9.10499E-02 0.0031
                 8.05533E-02 0.0033
                 7.02044E-02 0.0035
                 3.20212E-01 0.0016
                 7.84787E-02 0.0034
                 9.08475E-02 0.0031
                 8.06651E-02 0.0033
                 7.02205E-02 0.0035
                 3.19907E-01 0.0016
                 7.82690E-02 0.0034
                 9.08688E-02 0.0031
                 8.05857E-02 0.0033
                 7.01840E-02 0.0035
                 3.20014E-01 0.0016
                 7.82698E-02 0.0034
                 9.08702E-02 0.0031
                 8.06274E-02 0.0033
                 7.02464E-02 0.0035
                 3.20137E-01 0.0016
                 7.83629E-02 0.0034
                 9.09051E-02 0.0031
                 8.04223E-02 0.0033
                 7.04471E-02 0.0035
                 3.20117E-01 0.0016
                 7.84195E-02 0.0034
                 9.06898E-02 0.0031
                 8.05992E-02 0.0033
                 7.04084E-02 0.0035
                 3.19800E-01 0.0016
                 7.83585E-02 0.0034
                 9.07161E-02 0.0031
                 8.04106E-02 0.0033
                 7.03147E-02 0.0035
                 3.19808E-01 0.0016
                 7.81570E-02 0.0034
                 9.08407E-02 0.0031
                 8.05628E-02 0.0033
                 7.02477E-02 0.0035
                 3.19596E-01 0.0016
                 7.81987E-02 0.0034
                 9.06996E-02 0.0031
                 8.06061E-02 0.0033
                 7.00916E-02 0.0035
                 3.19650E-01 0.0016
                 7.80423E-02 0.0034
                 9.08336E-02 0.0031
                 8.07734E-02 0.0033
                 7.00010E-02 0.0035
                 3.19430E-01 0.0016
                 7.81634E-02 0.0034
                 9.06028E-02 0.0031
                 8.07396E-02 0.0033
                 6.99246E-02 0.0035
                 3.19374E-01 0.0016
                 7.81459E-02 0.0034
                 9.07307E-02 0.0031
                 8.04787E-02 0.0033
                 7.00186E-02 0.0035
                 3.19059E-01 0.0016
                 7.80872E-02 0.0034
                 9.06462E-02 0.0031
                 8.04864E-02 0.0033
                 6.98395E-02 0.0035
                 3.19102E-01 0.0016
                 7.80421E-02 0.0034
                 9.07963E-02 0.0031
                 8.03893E-02 0.0033
                 6.98744E-02 0.0035
                 3.18991E-01 0.0016
                 7.79745E-02 0.0034
                 9.04773E-02 0.0031
                 8.04128E-02 0.0033
                 7.01268E-02 0.0035
                 3.18927E-01 0.0016
                 7.79937E-02 0.0034
                 9.04114E-02 0.0031
                 8.03249E-02 0.0033
                 7.01970E-02 0.0035
                 3.18251E-01 0.0016
                 7.77698E-02 0.0034
                 9.02177E-02 0.0031
                 8.03721E-02 0.0033
                 6.98912E-02 0.0035
                 3.18293E-01 0.0016
                 7.75770E-02 0.0034
                 9.04234E-02 0.0031
                 8.02964E-02 0.0033
                 6.99965E-02 0.0035
                 3.17921E-01 0.0016
                 7.75039E-02 0.0034
                 9.03386E-02 0.0031
                 8.03558E-02 0.0033
                 6.97224E-02 0.0035
                 3.17685E-01 0.0016
                 7.74328E-02 0.0034
                 9.03573E-02 0.0031
                 8.01832E-02 0.0033
                 6.97117E-02 0.0035
                 3.17796E-01 0.0016
                 7.74128E-02 0.0034
                 9.03027E-02 0.0031
                 8.03053E-02 0.0033
                 6.97755E-02 0.0035
                 3.17486E-01 0.0016
                 7.72560E-02 0.0034
                 9.03770E-02 0.0031
                 8.02291E-02 0.0033
                 6.96236E-02 0.0035
                 3.17345E-01 0.0016
                 7.73347E-02 0.0034
                 9.03414E-02 0.0031
                 8.01778E-02 0.0033
                 6.94906E-02 0.0035
                 3.17098E-01 0.0016
                 7.73294E-02 0.0034
                 9.02434E-02 0.0031
                 8.00767E-02 0.0033
                 6.94487E-02 0.0035
                 3.17206E-01 0.0016
                 7.73049E-02 0.0034
                 9.02741E-02 0.0031
                 8.00703E-02 0.0033
                 6.95562E-02 0.0035
                 3.16857E-01 0.0016
                 7.73053E-02 0.0034
                 9.03467E-02 0.0031
                 7.97743E-02 0.0033
                 6.94303E-02 0.0035
                 3.16414E-01 0.0016
                 7.73230E-02 0.0034
                 9.01939E-02 0.0031
                 7.95991E-02 0.0033
                 6.92983E-02 0.0035
                 3.16109E-01 0.0016
                 7.72399E-02 0.0034
                 9.00568E-02 0.0031
                 7.94008E-02 0.0033
                 6.94117E-02 0.0035
                 3.16173E-01 0.0016
                 7.73016E-02 0.0034
                 9.01747E-02 0.0031
                 7.92974E-02 0.0033
                 6.93988E-02 0.0035
                 3.15716E-01 0.0016
                 7.71990E-02 0.0034
                 8.99081E-02 0.0031
                 7.93602E-02 0.0033
                 6.92486E-02 0.0035
                 3.15340E-01 0.0016
                 7.70233E-02 0.0034
                 8.98602E-02 0.0031
                 7.92018E-02 0.0033
                 6.92546E-02 0.0035
                 3.15259E-01 0.0016
                 7.69732E-02 0.0034
                 8.97035E-02 0.0031
                 7.94043E-02 0.0033
                 6.91775E-02 0.0035
                 3.15084E-01 0.0016
                 7.70952E-02 0.0034
                 8.95656E-02 0.0031
                 7.91714E-02 0.0033
                 6.92518E-02 0.0035
                 3.15454E-01 0.0016
                 7.68294E-02 0.0034
                 8.96878E-02 0.0031
                 7.94138E-02 0.0033
                 6.95228E-02 0.0035
                 3.15048E-01 0.0016
                 7.68035E-02 0.0034
                 8.94580E-02 0.0031
                 7.94060E-02 0.0033
                 6.93801E-02 0.0035
                 3.15256E-01 0.0016
                 7.66959E-02 0.0034
                 8.94686E-02 0.0031
                 7.94772E-02 0.0033
                 6.96145E-02 0.0035
                 3.15408E-01 0.0016
                 7.68979E-02 0.0034
                 8.95810E-02 0.0031
                 7.93743E-02 0.0033
                 6.95550E-02 0.0035
                 3.15534E-01 0.0016
                 7.69001E-02 0.0034
                 8.94923E-02 0.0031
                 7.96045E-02 0.0033
                 6.95366E-02 0.0035
                 3.15415E-01 0.0016
                 7.69416E-02 0.0034
                 8.95489E-02 0.0031
                 7.94313E-02 0.0033
                 6.94928E-02 0.0035
                 3.15112E-01 0.0016
                 7.69307E-02 0.0034
                 8.91790E-02 0.0031
                 7.93693E-02 0.0033
                 6.96335E-02 0.0035
                 3.15009E-01 0.0016
                 7.68839E-02 0.0034
                 8.91744E-02 0.0031
                 7.94312E-02 0.0033
                 6.95196E-02 0.0035
                 3.15029E-01 0.0016
                 7.68661E-02 0.0034
                 8.91537E-02 0.0031
                 7.93425E-02 0.0033
                 6.96669E-02 0.0035
                 3.14794E-01 0.0016
                 7.68046E-02 0.0034
                 8.92542E-02 0.0031
                 7.91970E-02 0.0033
                 6.95377E-02 0.0035
                 3.14577E-01 0.0016
                 7.66165E-02 0.0034
                 8.94094E-02 0.0031
                 7.91314E-02 0.0033
                 6.94200E-02 0.0035
                 3.14649E-01 0.0016
                 7.66317E-02 0.0034
                 8.93430E-02 0.0031
                 7.91215E-02 0.0033
                 6.95526E-02 0.0035
                 3.14583E-01 0.0016
                 7.65205E-02 0.0034
                 8.92061E-02 0.0031
                 7.92940E-02 0.0033
                 6.95627E-02 0.0035
                 3.14225E-01 0.0016
                 7.64122E-02 0.0034
                 8.91660E-02 0.0031
                 7.91820E-02 0.0033
                 6.94653E-02 0.0035
                 3.13771E-01 0.0016
                 7.61454E-02 0.0034
                 8.92459E-02 0.0031
                 7.90876E-02 0.0033
                 6.92919E-02 0.0035
                 3.14055E-01 0.0016
                 7.62582E-02 0.0034
                 8.92515E-02 0.0031
                 7.90336E-02 0.0033
                 6.95117E-02 0.0035
                 3.13961E-01 0.0016
                 7.60904E-02 0.0034
                 8.92106E-02 0.0031
                 7.91248E-02 0.0033
                 6.95353E-02 0.0035
                 3.14038E-01 0.0016
                 7.59913E-02 0.0034
                 8.92943E-02 0.0031
                 7.92740E-02 0.0033
                 6.94785E-02 0.0035
                 3.11363E-01 0.0016
                 7.50724E-02 0.0035
                 8.81719E-02 0.0031
                 7.85688E-02 0.0033
                 6.95500E-02 0.0035
                 3.13214E-01 0.0016
                 7.57648E-02 0.0035
                 8.90505E-02 0.0031
                 7.89146E-02 0.0033
                 6.94841E-02 0.0035
                 3.12822E-01 0.0016
                 7.57203E-02 0.0035
                 8.88407E-02 0.0031
                 7.87922E-02 0.0033
                 6.94689E-02 0.0035
                 3.13117E-01 0.0016
                 7.57503E-02 0.0034
                 8.89446E-02 0.0031
                 7.88871E-02 0.0033
                 6.95352E-02 0.0035
                 3.12784E-01 0.0016
                 7.57992E-02 0.0035
                 8.88203E-02 0.0031
                 7.86600E-02 0.0033
                 6.95042E-02 0.0035
                 3.12340E-01 0.0016
                 7.55910E-02 0.0035
                 8.86820E-02 0.0031
                 7.85342E-02 0.0033
                 6.95330E-02 0.0035
                 3.12419E-01 0.0016
                 7.56129E-02 0.0035
                 8.87352E-02 0.0031
                 7.84272E-02 0.0033
                 6.96433E-02 0.0035
                 3.12153E-01 0.0016
                 7.56125E-02 0.0035
                 8.86297E-02 0.0031
                 7.82786E-02 0.0033
                 6.96319E-02 0.0035
                 3.12223E-01 0.0016
                 7.56838E-02 0.0035
                 8.85256E-02 0.0031
                 7.83417E-02 0.0033
                 6.96716E-02 0.0035
                 3.11731E-01 0.0016
                 7.55116E-02 0.0035
                 8.82898E-02 0.0031
                 7.82712E-02 0.0033
                 6.96583E-02 0.0035
                 3.11321E-01 0.0016
                 7.53606E-02 0.0035
                 8.83684E-02 0.0031
                 7.81580E-02 0.0033
                 6.94337E-02 0.0035
                 3.11180E-01 0.0016
                 7.52504E-02 0.0035
                 8.84088E-02 0.0031
                 7.82637E-02 0.0033
                 6.92574E-02 0.0035
                 3.11310E-01 0.0016
                 7.54818E-02 0.0035
                 8.84135E-02 0.0031
                 7.79729E-02 0.0033
                 6.94423E-02 0.0035
                 3.11615E-01 0.0016
                 7.55650E-02 0.0035
                 8.84278E-02 0.0031
                 7.82713E-02 0.0033
                 6.93504E-02 0.0035
                 3.11385E-01 0.0016
                 7.54828E-02 0.0035
                 8.85202E-02 0.0031
                 7.81023E-02 0.0033
                 6.92797E-02 0.0035
                 3.11628E-01 0.0016
                 7.54574E-02 0.0035
                 8.84518E-02 0.0031
                 7.83755E-02 0.0033
                 6.93435E-02 0.0035
                 3.11519E-01 0.0016
                 7.54279E-02 0.0035
                 8.81927E-02 0.0031
                 7.83689E-02 0.0033
                 6.95297E-02 0.0035
                 3.11145E-01 0.0016
                 7.52032E-02 0.0035
                 8.80016E-02 0.0031
                 7.82412E-02 0.0033
                 6.96993E-02 0.0035
                 3.10862E-01 0.0016
                 7.51208E-02 0.0035
                 8.78544E-02 0.0031
                 7.82978E-02 0.0033
                 6.95891E-02 0.0035
                 3.10558E-01 0.0016
                 7.51674E-02 0.0035
                 8.76631E-02 0.0031
                 7.82207E-02 0.0033
                 6.95063E-02 0.0035
                 3.10494E-01 0.0016
                 7.52939E-02 0.0035
                 8.76944E-02 0.0031
                 7.80480E-02 0.0033
                 6.94581E-02 0.0035
                 3.10047E-01 0.0016
                 7.50780E-02 0.0035
                 8.75844E-02 0.0031
                 7.80997E-02 0.0033
                 6.92853E-02 0.0035
                 3.10169E-01 0.0016
                 7.50347E-02 0.0035
                 8.75136E-02 0.0031
                 7.81430E-02 0.0033
                 6.94777E-02 0.0035
                 3.09621E-01 0.0016
                 7.49129E-02 0.0035
                 8.72049E-02 0.0031
                 7.80475E-02 0.0033
                 6.94561E-02 0.0035
                 3.18371E-01 0.0017
                 7.54847E-02 0.0036
                 8.88953E-02 0.0033
                 8.08835E-02 0.0034
                 7.31076E-02 0.0036
                 3.09239E-01 0.0016
                 7.48406E-02 0.0035
                 8.69537E-02 0.0031
                 7.81451E-02 0.0033
                 6.92995E-02 0.0035
                 3.07760E-01 0.0016
                 7.42552E-02 0.0035
                 8.62230E-02 0.0032
                 7.80501E-02 0.0034
                 6.92312E-02 0.0035
                 3.09489E-01 0.0016
                 7.45650E-02 0.0035
                 8.69458E-02 0.0031
                 7.84362E-02 0.0033
                 6.95420E-02 0.0035
                 3.09486E-01 0.0016
                 7.45358E-02 0.0035
                 8.70435E-02 0.0031
                 7.84547E-02 0.0033
                 6.94517E-02 0.0035
                 3.09535E-01 0.0016
                 7.46489E-02 0.0035
                 8.71849E-02 0.0031
                 7.81679E-02 0.0033
                 6.95337E-02 0.0035
                 3.09504E-01 0.0016
                 7.48194E-02 0.0035
                 8.73697E-02 0.0031
                 7.79915E-02 0.0033
                 6.93238E-02 0.0035
                 3.09014E-01 0.0016
                 7.46166E-02 0.0035
                 8.71622E-02 0.0032
                 7.79433E-02 0.0033
                 6.92918E-02 0.0035
                 3.08937E-01 0.0016
                 7.46842E-02 0.0035
                 8.68894E-02 0.0032
                 7.81471E-02 0.0033
                 6.92164E-02 0.0035
                 3.09275E-01 0.0016
                 7.45902E-02 0.0035
                 8.68442E-02 0.0032
                 7.84029E-02 0.0033
                 6.94373E-02 0.0035
                 3.08971E-01 0.0016
                 7.45696E-02 0.0035
                 8.67851E-02 0.0032
                 7.81927E-02 0.0033
                 6.94232E-02 0.0035
                 3.08691E-01 0.0016
                 7.43931E-02 0.0035
                 8.69824E-02 0.0032
                 7.79430E-02 0.0033
                 6.93726E-02 0.0035
                 3.08466E-01 0.0016
                 7.42850E-02 0.0035
                 8.67997E-02 0.0032
                 7.79978E-02 0.0033
                 6.93838E-02 0.0035
                 3.08315E-01 0.0016
                 7.42274E-02 0.0035
                 8.69269E-02 0.0032
                 7.78965E-02 0.0033
                 6.92638E-02 0.0035
                 3.07969E-01 0.0016
                 7.42323E-02 0.0035
                 8.67872E-02 0.0032
                 7.76386E-02 0.0033
                 6.93110E-02 0.0035
                 3.07610E-01 0.0016
                 7.42261E-02 0.0035
                 8.67353E-02 0.0032
                 7.75501E-02 0.0033
                 6.90986E-02 0.0035
                 3.07543E-01 0.0016
                 7.39923E-02 0.0035
                 8.67933E-02 0.0032
                 7.75426E-02 0.0033
                 6.92151E-02 0.0035
                 3.07609E-01 0.0016
                 7.40482E-02 0.0035
                 8.68959E-02 0.0032
                 7.76228E-02 0.0033
                 6.90416E-02 0.0035
                 3.08244E-01 0.0016
                 7.42683E-02 0.0035
                 8.70151E-02 0.0032
                 7.78504E-02 0.0033
                 6.91098E-02 0.0035
                 3.07953E-01 0.0016
                 7.43158E-02 0.0035
                 8.69449E-02 0.0032
                 7.76517E-02 0.0033
                 6.90405E-02 0.0035
                 3.07724E-01 0.0016
                 7.42504E-02 0.0035
                 8.69213E-02 0.0032
                 7.74477E-02 0.0034
                 6.91050E-02 0.0035
                 3.07668E-01 0.0016
                 7.42258E-02 0.0035
                 8.70558E-02 0.0032
                 7.76060E-02 0.0034
                 6.87804E-02 0.0035
                 3.07745E-01 0.0016
                 7.43532E-02 0.0035
                 8.67644E-02 0.0032
                 7.75828E-02 0.0033
                 6.90445E-02 0.0035
                 3.07470E-01 0.0016
                 7.42227E-02 0.0035
                 8.68486E-02 0.0032
                 7.75606E-02 0.0033
                 6.88378E-02 0.0035
                 3.07134E-01 0.0016
                 7.41917E-02 0.0035
                 8.68418E-02 0.0032
                 7.74706E-02 0.0033
                 6.86295E-02 0.0035
                 3.07205E-01 0.0016
                 7.40709E-02 0.0035
                 8.68841E-02 0.0032
                 7.74398E-02 0.0033
                 6.88097E-02 0.0035
                 3.07274E-01 0.0016
                 7.40431E-02 0.0035
                 8.67777E-02 0.0032
                 7.75599E-02 0.0033
                 6.88932E-02 0.0035
                 3.07041E-01 0.0016
                 7.39576E-02 0.0035
                 8.64962E-02 0.0032
                 7.77322E-02 0.0033
                 6.88548E-02 0.0035
                 3.07319E-01 0.0016
                 7.39705E-02 0.0035
                 8.68024E-02 0.0032
                 7.77266E-02 0.0033
                 6.88197E-02 0.0035
                 3.06924E-01 0.0016
                 7.37896E-02 0.0035
                 8.65852E-02 0.0032
                 7.77869E-02 0.0033
                 6.87621E-02 0.0035
                 3.07079E-01 0.0016
                 7.39284E-02 0.0035
                 8.63512E-02 0.0032
                 7.77627E-02 0.0033
                 6.90362E-02 0.0035
                 3.06840E-01 0.0016
                 7.41218E-02 0.0035
                 8.64179E-02 0.0032
                 7.74205E-02 0.0034
                 6.88801E-02 0.0035
                 3.06377E-01 0.0016
                 7.38786E-02 0.0035
                 8.63295E-02 0.0032
                 7.73838E-02 0.0034
                 6.87854E-02 0.0035
                 3.05959E-01 0.0016
                 7.38566E-02 0.0035
                 8.61570E-02 0.0032
                 7.71879E-02 0.0034
                 6.87577E-02 0.0035
                 3.06181E-01 0.0016
                 7.37202E-02 0.0035
                 8.61832E-02 0.0032
                 7.74015E-02 0.0033
                 6.88755E-02 0.0035
                 3.05918E-01 0.0016
                 7.36709E-02 0.0035
                 8.61481E-02 0.0032
                 7.74236E-02 0.0034
                 6.86753E-02 0.0035
                 3.05959E-01 0.0016
                 7.36480E-02 0.0035
                 8.59905E-02 0.0032
                 7.75008E-02 0.0034
                 6.88197E-02 0.0035
                 3.05613E-01 0.0016
                 7.34116E-02 0.0035
                 8.59596E-02 0.0032
                 7.74786E-02 0.0034
                 6.87630E-02 0.0035
                 3.05154E-01 0.0016
                 7.33463E-02 0.0035
                 8.57266E-02 0.0032
                 7.72821E-02 0.0034
                 6.87990E-02 0.0035
                 3.05580E-01 0.0016
                 7.33004E-02 0.0035
                 8.61402E-02 0.0032
                 7.73416E-02 0.0034
                 6.87974E-02 0.0035
                 3.05499E-01 0.0016
                 7.33830E-02 0.0035
                 8.60755E-02 0.0032
                 7.73613E-02 0.0034
                 6.86788E-02 0.0035
                 3.04937E-01 0.0016
                 7.33087E-02 0.0035
                 8.59594E-02 0.0032
                 7.71029E-02 0.0034
                 6.85656E-02 0.0035
                 3.04699E-01 0.0016
                 7.33444E-02 0.0035
                 8.60411E-02 0.0032
                 7.70118E-02 0.0034
                 6.83020E-02 0.0035
                 3.05162E-01 0.0016
                 7.34365E-02 0.0035
                 8.61439E-02 0.0032
                 7.70146E-02 0.0034
                 6.85674E-02 0.0035
                 3.04764E-01 0.0016
                 7.32436E-02 0.0035
                 8.61128E-02 0.0032
                 7.70098E-02 0.0034
                 6.83980E-02 0.0035
                 3.04884E-01 0.0016
                 7.30930E-02 0.0035
                 8.61477E-02 0.0032
                 7.72066E-02 0.0034
                 6.84364E-02 0.0035
                 3.04883E-01 0.0016
                 7.30682E-02 0.0035
                 8.60572E-02 0.0032
                 7.73178E-02 0.0034
                 6.84400E-02 0.0035
                 3.04639E-01 0.0016
                 7.30629E-02 0.0035
                 8.58482E-02 0.0032
                 7.70480E-02 0.0034
                 6.86801E-02 0.0035
                 3.04516E-01 0.0016
                 7.31381E-02 0.0035
                 8.55757E-02 0.0032
                 7.70419E-02 0.0034
                 6.87600E-02 0.0035
                 3.04248E-01 0.0016
                 7.30196E-02 0.0035
                 8.55978E-02 0.0032
                 7.68292E-02 0.0034
                 6.88014E-02 0.0035
                 3.03855E-01 0.0016
                 7.28632E-02 0.0035
                 8.55022E-02 0.0032
                 7.69465E-02 0.0034
                 6.85433E-02 0.0035
                 3.03651E-01 0.0016
                 7.28704E-02 0.0035
                 8.53796E-02 0.0032
                 7.70480E-02 0.0034
                 6.83534E-02 0.0035
                 3.03411E-01 0.0016
                 7.28491E-02 0.0035
                 8.53250E-02 0.0032
                 7.68925E-02 0.0034
                 6.83440E-02 0.0035
                 3.03441E-01 0.0016
                 7.27012E-02 0.0035
                 8.54348E-02 0.0032
                 7.69084E-02 0.0034
                 6.83967E-02 0.0035
                 3.03408E-01 0.0016
                 7.27822E-02 0.0035
                 8.54096E-02 0.0032
                 7.67977E-02 0.0034
                 6.84187E-02 0.0035
                 3.03125E-01 0.0016
                 7.27699E-02 0.0035
                 8.51135E-02 0.0032
                 7.66775E-02 0.0034
                 6.85637E-02 0.0035
                 3.03298E-01 0.0016
                 7.28502E-02 0.0035
                 8.52752E-02 0.0032
                 7.66539E-02 0.0034
                 6.85192E-02 0.0035
                 3.06151E-01 0.0016
                 7.32720E-02 0.0035
                 8.60063E-02 0.0032
                 7.75551E-02 0.0034
                 6.93177E-02 0.0035
                 3.02535E-01 0.0016
                 7.26687E-02 0.0035
                 8.51017E-02 0.0032
                 7.64470E-02 0.0034
                 6.83173E-02 0.0035
                 3.02208E-01 0.0016
                 7.26721E-02 0.0035
                 8.46846E-02 0.0032
                 7.65923E-02 0.0034
                 6.82587E-02 0.0035
                 3.02010E-01 0.0016
                 7.23239E-02 0.0035
                 8.47551E-02 0.0032
                 7.67073E-02 0.0034
                 6.82239E-02 0.0035
